Name,Category,Height,Rating,Text,Width,Character,Colour
*Greater Vault* (Absolutely Huge),8,41,50,%%%%%%%%%%%%%%%%%%%%%%%%%%%%%%%%%%%%%%%%%%%%%%%%%%%%%%%%%%%%%%%%%%%%%%%%%%%%%%%%%%%................................................................................%%.XXXXXXXXXXXXXXXXXXXXXXXXXXXXXXXXXXXXXXXXXXXXXXXXXXXXXXXXXXXXXXXXXXXXXXXXXXXXXX.%%.X..^..^..^..^..^..^..^..^..^..^..^..^..^..^..^.X^^^X^^^XX.X..^.^.^.^.^.^.^.^.X.%%.X^XXXXXXXXXXXXXXXXXXXXXXXXXXXXXXXXXXXXXXXXXXXX.X^X^X^X^XX.X.XXXXXXXXXXXXXXXX.X.%%.X.X^X.X@X^X.X&X^X.X@X^X.X&X^X.X@X^X.X&X^X.X@XX.X.X.X.X.XX.X.^#§@§@§@§@§@§@§X.X.%%.X.XX^X.X§X^X.X§X^X.X§X^X.X§X^X.X§X^X.X§X^X.X§X.X.X.X.X.XX.X.^XXXXXXXXXXXXXXX.X.%%.X^#^X.X§X^X.X§X#X#X#X#X#X#X#X#X#X#X#X#X#X#X#XX.X.X.X.X.XX.XX..^#9§9§9§9§9§9X.X.%%.XXXXXXXXXXXXXXX§§§§§§§§§§§§§§§§§§§§§§§§§§§§§§X.X.X^X^XX##X.XX.^XXXXXXXXXXXXX.X.%%.XX^XX.X.X9#&X8XXXXXXXXXXXXXXXXXX#XXXXX§§X#XXXX.X.X^^^XX..XX.XX......^#89898X.X.%%.X#X^X##XX#X&#XX^^^.......§§XX8#^^^^#8XXXX^^#XX.X.XXXXX....XX.XXXXXX.^XXXXXXX.X.%%.X^XX^X#.X9X&&&X#XXXXXXXXXX§§XXXX#XXXXX99XXXX8X^X^XXXX......XX....^XX§§X§§XX^.X.%%.X§§XX^XXX#XXX#XX.........XX§§XXX8XXX......XXXX^^^XXX..cdab..XXXXXX^XX§§§XX^XXX.%%.XX§§XX^XX9#9#9X..XXXXXXX..XX§§XXXXX..@@@@...XXXXXXX..ab..cd..XX99XX^XX§XX^XX@X.%%.XXX§§XX^#XXXXXX.XX*....XX..X...XX...........**XXXX..cd.@@.ab..XX**XX^XXX^XX&&X.%%.X*XX..XX^XX@X9X&X**9XX^^X&&X&&&&X^^.&.&.&.&.***XX..ab......cd..XX**XX^X^XX&^XX.%%.X**XX..XX^X##XX.XX*98X^^X@@X****X#XXXXXX....**XX..cd..bcda..ab..XX**XX^XX&*X#X.%%.XX..XX&&XX^X#@X..XXXXX^^X&&X*@@*X^^§§§§X§§§§*XX..ab..da..bc..cd..XX**XXX&*XX^X.%%.X#X.&XX§§XX^XXX..@.@.@.XX..X****XX***@@X§§^^XX..cd..bc....da..ab..XX***&*XX§§X.%%.X^XX&^XX&§XX^XXXXXXXXXXX..XX&&&&^XX^&X8X^^^XX..ab..da..P...bc..cd..XX^^^XX*9XX.%%.#&&XX^^#X§@XX^#^^^^^^^^^^XX**@@*^^#X&XXX^^X#..pb..bc..PBP...ad@.ba..#X^XX**X8X.%%.X^XX&^XX&§XX^XXXXXXXXXXX..XX&&&&^XX^&X8X^^^XX....da..PPP...bc..cd..XX^^^XX*9XX.%%.X#X.&XX§§XX^XXX..@.@.@.XX..X****XX***@@X§§^^XX...c...c....da..ab..XX***&*XX§§X.%%.XX..XX&&XX^X##X..XXXXX^^X&&X*@@*X^^§§§§X§§§§*XX..ab..da..bc..cd..XX**XXX&*XX^X.%%.X**XX..XX^X##XX.XX*98X^^X@@X****X#XXXXXX....**XX..cd..bcda..ab..XX**XX^XX&*X#X.%%.X*XX..XX^XX#X9X&X**9XX^^X&&X&&&&X^^.&.&.&.&.***XX..ab......cd..XX**XX^X^XX&^XX.%%.XXX§§XX^#XXXXXX.XX*....XX..X...XX...........**XXXX..cd.@@.ab..XX**XX^XXX^XX&&X.%%.XX§§XX^XX9#9#9X..XXXXXXX..XX§§XXXX...@@@@...XXXXXXX..ab..cd..XX99XX^XX§XX^XX@X.%%.X§§XX^XXX#XXX#XX.........XX§§XXX8XXX......XXXX^^^XXX..cdab..XXXXXX^XX§§§XX^XXX.%%.X^XX^X#.X9X&&&X#XXXXXXXXXX§§XXXX#XXXXX99XXXX8X^X^XXXX......XX....^XX§§X§§XX^.X.%%.X#X^X##XX#X&#XX^^^.......§§XX8#^^^^#8XXXX^^#XX.X.XXXXX....XX.XXXXXX.^XXXXXXX.X.%%.XX^XX.X.X9#&X8XXXXXXXXXXXXXXXXXX#XXXXX§§X#XXXX.X.X^^^XX..XX.XX......^#89898X.X.%%.XXXXXXXXXXXXXXX§§§§§§§§§§§§§§§§§§§§§§§§§§§§§§X.X.X^X^XX##X.XX.^XXXXXXXXXXXXX.X.%%.X^#^X.X§X^X.X§X#X#X#X#X#X#X#X#X#X#X#X#X#X#X#XX.X.X.X.X.XX.XX..^#9§9§9§9§9§9X.X.%%.X.XX^X.X§X^X.X§X^X.X§X^X.X§X^X.X§X^X.X§X^X.X§X.X.X.X.X.XX.X.^XXXXXXXXXXXXXXX.X.%%.X.X^X.X@X^X.X&X^X.X@X^X.X&X^X.X@X^X.X&X^X.X@XX.X.X.X.X.XX.X.^#§@§@§@§@§@§@§X.X.%%.X^XXXXXXXXXXXXXXXXXXXXXXXXXXXXXXXXXXXXXXXXXXXX.X^X^X^X^XX.X.XXXXXXXXXXXXXXXX.X.%%.X..^..^..^..^..^..^..^..^..^..^..^..^..^..^..^.X^^^X^^^XX.X..^.^.^.^.^.^.^.^.X.%%.XXXXXXXXXXXXXXXXXXXXXXXXXXXXXXXXXXXXXXXXXXXXXXXXXXXXXXXXXXXXXXXXXXXXXXXXXXXXXX.%%................................................................................%%%%%%%%%%%%%%%%%%%%%%%%%%%%%%%%%%%%%%%%%%%%%%%%%%%%%%%%%%%%%%%%%%%%%%%%%%%%%%%%%%%,82,#,White
*Greater Vault* (Divided),8,45,50,%%%%%%%%%%%%%%%%%%%%%%%%%%%%%%%%%%%%%%%%%%%%%%%%%%%%%%%%%%%%%%%%%%%%%%%%%%%%%%%%%%XXXXXXXXXXXXXXXXXXXXXXXXXXXXXXXXXXXXXXXXXXXXXXXXXXXXXXXXXXXXXXXXXXXXXXXXXXXXXXX%%XabdcbabdcacbdbacdbabcdbacbdabbcdbabcXXXabdcbadAcbabdcabcbdbacbdbacbdbabcdbcadX%%XaXXXXXXXXXXXXXXXXXXXXXXXXXXXXXXXXXXbXXXcXXXXXXXXXXXXXXXXXXXXXXXXXXXXXXXXXXXXdX%%XdX8XX999X.......................^^XcXXXdX^^.........................X999XX8XbX%%XbXX#&&XXX..XXX^^XXXXXX...XXXXXXXX^XdXXXbX^XXXXXXXXX....XXXXXX^^XXX..XXX&&#XXaX%%XcXX&&XX..XXX^^XXX......XXX89@&§*^^XaXXXaX^^.*§&@98XXX.......XXX^^XXX..XX&&XXcX%%XcX..XX..XX^^XXX....XXXXX*XXXXXXXXXXbXXXdXXXXXXXXXXX*XXXXX.....XXX^^XX..XX..XbX%%XaX.XX..XX^^XX....XXX.........X.....XcXXXcX.....X.........XXX....XX^^XX..XX.XcX%%XbX.X..XX^^XX....XX^^^^XX...&XX^^^X#XdXXXaX#X^^^XX&...XX^^^^XX....XX^^XX..X.XdX%%XdX.X.XX^^XX....XX^^^^XX...&XX^^^XX§XbXXXbX§XX^^^XX&...XX^^^^XX....XX^^XX..XXbX%%XcX..XX^^XX§§§§XX^^^^XX...&XX^^^XX§§XaXXXdX§§XX^^^XX&...XX^^^^XX§§§§XX^^XX..XaX%%XaX.XX^^XX§§§§XX....XX...&XX...XX§§§XcXXXcX§§§XX...XX&...XX....XX§§§§XX^^XX.XcX%%XbXXX^^XX§§§§XX....XX....XX...XX&&&&Xp###pX&&&&XX...XX....XX....XX§§§§XX^^XXXdX%%XdXX^^^X§§§§§X.....X....&X....X@@@@XXXX#XXXX@@@@X....X&....X.....X§§§§§X^^^XXbX%%XcX^^^XX§§§§XX....XX...&XX...XX88XXX**X#X**XXX88XX...XX&...XX....XX§§§§XX^^^XaX%%XdX^^XX....XX....XX^^^^XX....X8XXX****X#X****XXX8XX...XX^^^^XX....XX....XX^^XcX%%XbX^^X.....X.....X^^^^^X.....XXX+...XXX#XXX...+XXXX....X^^^^^X.....X.....X^^XdX%%XaX^XX....XX....XX^^^^XX...XXX&&+..XX.X#X*XX..+&&XXX...XX^^^^XX....XX....XX^XaX%%XcX^X***********X.........XXX&&&+.X#..X#X**#X.+&&&XXX.........X***********X^XcX%%XdX^XXXXXXXXXXXXXXXXXXXXXXXX§§§§+XX..XX.XX**XX+§§§§XXXXXXXXXXXXXXXXXXXXXXXX^XbX%%XaX^^^^^^^^^^^^^^^^^^^^^X#X§XX§§XX§§#X.a.X#§§XX§§XX§X#X^^^^^^^^^^^^^^^^^^^^^XaX%%XcXX##XXXXXXXXXXXXXXXXXX#X§§8X§XX§9XX.aba.XX9§XX§X8§§X#XXXXXXXXXXXXXXXXXX##XXdX%%XPPXX@@XX99XX^^^^^^XX...X#X§XX§§XX§§#X.a.X#§§XX§§XX§X#X...XX^^^^^^XX99XX@@XXPPX%%XABAXX§§XX@@XX..XX..XX..XXXX§§§§+XX..XX.XX**XX+§§§§XXXX..XX..XX..XX@@XX§.XXABAX%%XPAXXX.§§XX&&....XX..XX...XXX&&&+.X#..X#X**#X.+&&&XXX...XX..XX....&&XX§§.XXXPAX%%XPXX.X..§§XXXXXXXXXX..XX...XXX&&+..XX.X#X*XX..+&&XXX...XX..XXXXXXXXXX§§..X.XXPX%%XXXX.XX..§XX^^^^^^^^^^^^^^^^^XXX+...XXX#XXX...+XXX^^^^^^^^^^^^^^^^^XX§..XX.XXXX%%X.X...X..§§X^^^^^^^^^^^^^^^^^^^XXX****X#X****XXX^^^^^^^^^^^^^^^^^^^X§§..X...X.X%%X...X.XX..§X#^^^^^^^^^^^^^^^^^^^^XXX**X#X**XXX^^^^^^^^^^^^^^^^^^^^#X§..XX.X...X%%X.XXXXXXXX§§XXX^^^^^^^^^^^^^^^^^^^^XXXX#XXXX^^^^^^^^^^^^^^^^^^^^XXX§§XXXXXXXX.X%%X.......XXX§§§XX^^^^^^^^^^^^^^^^^^^^^^X#X^^^^^^^^^^^^^^^^^^^^^^XX§§§XXX.......X%%XXXXX*X...XX.§§XX.XX....XXXX....XXXX..X#X..XXXX....XXXX....XX.XX§§.XX...X*XXXXX%%X999XXXXX..X..§§X..XX..XX..XX..XX@@XX.X#X.XX@@XX..XX..XX..XX..X§§..X..XXXXX999X%%X99XX@@@X..XX..§XX..XXXX....XXXX&&&&XXX#XXX&&&&XXXX....XXXX..XX§..XX..X@@@XX99X%%X9XX....X...XX.§§XX..........XXXX§§§§§X#X§§§§§XXXX..........XX§§.XX...X....XX9X%%XX#.....X....X..§§X.........XX§§XX§§§§X#X§§§§XX§§XX.........X§§..X....X.....#XX%%XXX+X+X+X....X#..§XX.......XX§§§§XX§§§X#X§§§XX§§§§XX.......XX§..#X....X+X+X+XXX%%XX+X+X+XX.....XXX§§XXX....XX*§§§§*XX§§X#X§§XX*§§§§*XX....XXX§§XXX.....XX+X+X+XX%%X#X.....X+XXXXXXXX§§§XX..XX.X&99&X.XX§X#X§XX.X&99&X.XX..XX§§§XXXXXXXX+X.....X#X%%X8XX....X^^^^^^^^X..§§X..X..XX88XX..X§X#X§X..XX88XX..X..X§§..X^^^^^^^^X....XX8X%%X88XX888XXXXXXXX+XX..§XX.X...XXXX...X§X#X§X...XXXX...X.XX§..XX+XXXXXXXX888XX88X%%X888XXXX#9999999..X..§§X..............X#X..............X§§..X..9999999#XXXX888X%%XXXXXXXXXXXXXXXXXXXXXXXXXXXXXXXXXXXXXXX#XXXXXXXXXXXXXXXXXXXXXXXXXXXXXXXXXXXXXXX%%%%%%%%%%%%%%%%%%%%%%%%%%%%%%%%%%%%%%%%%%%%%%%%%%%%%%%%%%%%%%%%%%%%%%%%%%%%%%%%%%,81,#,White
*Greater Vault* (Subdivisions),8,45,50,%%%%%%%%%%%%%%%%%%%%%%%%%%%%%%%%%%%%%%%%%%%%%%%%%%%%%%%%%%%%%%%%%%%%%%%%%%%%%%%%%%...............................................................................%%.#XXXXXXXXXXXXXXXXXXXXXXXXXXXXXXXXXXXX#X#XXXXXXXXXXXXXXXXXXXXXXXXXXXXXXXXXXXX#.%%.X.XX§§§§§...9X...XXXXXXXX***X§§§§§&&..X..&&§§§§§X***XXXXXXXX...X9...§§§§§XX.X.%%.X.XXXX§§§X.............9X***XXXXXXXX&.X.&XXXXXXXX***X9.............X§§§XXXX.X.%%.X.XXXXXX§XXXXXXXX...X.............9X.&X&.X9.............X...XXXXXXXX§XXXXXX.X.%%.X.#§§§§XXX*****9X...XXXXXXXX...X....&.X.&....X...XXXXXXXX...X9*****XXX§§§§#.X.%%.X.XXXXX#XXXX*****.........9X...XXXXXXXXXXXXXXX...X9.........*****XXXX#XXXXX.X.%%.X.#§§&§§&§§XXXXXXXXXX&&&X.............X.............X&&&XXXXXXXXXX§§&§§&§§#.X.%%.X.XXXXXXXXX#XXXX***9X...XXXXXXXX...X@@X@@X...XXXXXXXX...X9***XXXX#XXXXXXXXX.X.%%.X.#§&§&§&§&§&§&XXX***.........9X...XXXXXXX...X9.........***XXX&§&§&§&§&§&§#.X.%%.X.XXXXXXXXXXXXX#XXXXXXXXX&&&X.......**X**.......X&&&XXXXXXXXX#XXXXXXXXXXXXX.X.%%.X.#§@§@§@§@§@§@§@§@XXX..X...XXXXXXXX**X**XXXXXXXX...X..XXX@§@§@§@§@§@§@§@§#.X.%%.X.XXXXXXXXXXXXXXXXX#XXXX..........9X**X**X9..........XXXX#XXXXXXXXXXXXXXXXX.X.%%.X.#§9§9§9§9§9§9§9§9§9§9XXXXXX...X...**X**...X...XXXXXX9§9§9§9§9§9§9§9§9§9§#.X.%%.X.XXXXXXXXXXXXXXXXXXXXX#XXXXX...XXXXXXXXXXXXX...XXXXX#XXXXXXXXXXXXXXXXXXXXX.X.%%.X.#9&9&9&9&9&9&9&9&9&9&9&9&XXX.......&X&.......XXX&9&9&9&9&9&9&9&9&9&9&9&9#.X.%%.X.XXXXXXXXXXXXXXXXXXXXXXXXX#XXXXXXXXX&X&XXXXXXXXX#XXXXXXXXXXXXXXXXXXXXXXXXX.X.%%.X.#9@9@9@9@9@9@9@9@9@9@9@9@9@9@XXX99X&X&X99XXX@9@9@9@9@9@9@9@9@9@9@9@9@9@9#.X.%%.X.XXXXXXXXXXXXXXXXXXXXXXXXXXXXX#XXXX@@X@@XXXX#XXXXXXXXXXXXXXXXXXXXXXXXXXXXX.X.%%.X.#99999999999999999999999999999999XXX#XXX99999999999999999999999999999999#.X.%%.X.XXXXXXXXXXXXXXXXXXXXXXXXXXXXXXXX#X88X88X#XXXXXXXXXXXXXXXXXXXXXXXXXXXXXXXX.X.%%.X#X8#8#8#8#8#8#8#8#8#8#8#8#8#8#8#8X#XX#XX#X8#8#8#8#8#8#8#8#8#8#8#8#8#8#8#8X#X.%%.X.XXXXXXXXXXXXXXXXXXXXXXXXXXXXXXXX#X88X88X#XXXXXXXXXXXXXXXXXXXXXXXXXXXXXXXX.X.%%.X.#99999999999999999999999999999999XXX#XXX99999999999999999999999999999999#.X.%%.X.XXXXXXXXXXXXXXXXXXXXXXXXXXXXX#XXXX@@X@@XXXX#XXXXXXXXXXXXXXXXXXXXXXXXXXXXX.X.%%.X.#9@9@9@9@9@9@9@9@9@9@9@9@9@9@XXX99X&X&X99XXX@9@9@9@9@9@9@9@9@9@9@9@9@9@9#.X.%%.X.XXXXXXXXXXXXXXXXXXXXXXXXX#XXXXXXXXX&X&XXXXXXXXX#XXXXXXXXXXXXXXXXXXXXXXXXX.X.%%.X.#&9&9&9&9&9&9&9&9&9&9&9&9XXX.......&X&.......XXX&9&9&9&9&9&9&9&9&9&9&9&9#.X.%%.X.XXXXXXXXXXXXXXXXXXXXX#XXXXXX..XXXXXXXXXXXXX...XXXXX#XXXXXXXXXXXXXXXXXXXXX.X.%%.X.#§9§9§9§9§9§9§9§9§9§9XXXXXXX..X...**X**...X...XXXXXX9§9§9§9§9§9§9§9§9§9§#.X.%%.X.XXXXXXXXXXXXXXXXX#XXXX*.........9X**X**X9.........*XXXX#XXXXXXXXXXXXXXXXX.X.%%.X.#§@§@§@§@§@§@§@§@XXX*9X...XXXXXXXX**X**XXXXXXXX...X9*XXX@§@§@§@§@§@§@§@§#.X.%%.X.XXXXXXXXXXXXX#XXXXXXXXX&&&X.......**X**.......X&&&XXXXXXXXX#XXXXXXXXXXXXX.X.%%.X.#§&§&§&§&§&§&XXX***.........9X...XXXXXXX...X9.........***XXX&§&§&§&§&§&§#.X.%%.X.XXXXXXXXX#XXXX***9X...XXXXXXXX...X@@X@@X...XXXXXXXX...X9***XXXX#XXXXXXXXX.X.%%.X.#§§&§§&§§XXXXXXXXXX&&&X.............X.............X&&&XXXXXXXXXX§§&§§&§§#.X.%%.X.XXXXX#XXXX*****.........9X....XXXXXXXXXXXXX....X9.........*****XXXX#XXXXX.X.%%.X.#§§§§XXX*****9X...XXXXXXXX....X...&.X.&...X....XXXXXXXX...X9*****XXX§§§§#.X.%%.X.XXXXXX§XXXXXXXX&&&X.............9X.&X&.X9.............X&&&XXXXXXXX§XXXXXX.X.%%.X.XXXX§§§X............9X****XXXXXXXX&.X.&XXXXXXXX****X9............X§§§XXXX.X.%%.X.XX§§§§§..9X...XXXXXXXX****X§§§§§&&..X..&&§§§§§X****XXXXXXXX...X9..§§§§§XX.X.%%.#XXXXXXXXXXXXXXXXXXXXXXXXXXXXXXXXXXXX#X#XXXXXXXXXXXXXXXXXXXXXXXXXXXXXXXXXXXX#.%%...............................................................................%%%%%%%%%%%%%%%%%%%%%%%%%%%%%%%%%%%%%%%%%%%%%%%%%%%%%%%%%%%%%%%%%%%%%%%%%%%%%%%%%%,81,#,White
*Greater Vault* (Titanic),8,43,50,%%%%%%%%%%%%%%%%%%%%%%%%%%%%%%%%%%%%%%%%%%%%%%%%%%%%%%%%%%%%%%%%%%%%%%%%%%%%%%%%%%%%%%%%%%%%%%%%%%%%.................................................................................................%%.XXXXXXXXXXXXXXXXXXXXXXXXXXXXXXXXXXXXXXXXXXXXXXX#XXXXXXXXXXXXXXXXXXXXXXXXXXXXXXXXXXXXXXXXXXXXXXX.%%.X8X...^.^.^.^.^.^.^.^.^.^.^....XX......&@9XXXX^^^XXXX9@&......XX....^.^.^.^.^.^.^.^.^.^.^...X8X.%%.XX#...XXXXXXXXXXXXXXXXXXXXX...XX&&XX...XXXX***XXX***XXXX...XX&&XX...XXXXXXXXXXXXXXXXXXXXX...#XX.%%.X^^^^XX&§&X@§§@X****X^^^^X...XX..XX..XXX&&&&XXX&XXX&&&&XXX..XX..XX...X^^^^X****X@§§@X&§&XX....X.%%.X...XX&§&§#§@@§#****#^^^^X^^XX^^XX..XXX§§§§XXX@&@XXX§§§§XXX..XX^^XX^^X^^^^#****#§@@§#§&§&XX...X.%%.X^^XX&§&§&X@§§@X****X^^^^X^^XX^^XX.XX§§§§§XX§§X9X§§XX§§§§§XX.XX^^XX^^X^^^^X****X@§§@X&§&§&XX..X.%%.X..X#XXXXXXXX#XXXXXXXXX#XX^^XX^^XX.X#§§§§§XX§§XXX§§XX§§§§§#X.XX^^XX^^XX#XXXXXXXXX#XXXXXXXX#X..X.%%.X^XX8X@§§§X^^^^X89@@#&&&&X***XX..X..XXX§§§§XXX^^^XXX§§§§XXX..X..XX***X&&&&#@@98X^^^^X§§§@X8XX.X.%%.X.X88X@§§§#^**XX89@@X&&&&X***XX..XXXXXXX§§§§XXX^XXX§§§§XXXXXXX..XX***X&&&&X@@98XX**^#§§§@X88X.X.%%.X^XXXX@§§§X^*XXXXXXXXXXXXX****XX.......XXXX§§§§§§§§§XXXX.......XX****XXXXXXXXXXXXX*^X§§§@XXXX.X.%%.X.X@@@9§§§X*XX******^^^^^^*****XXXXXXX^^^^XXXXXXXXXXX^^^^XXXXXXX*****^^^^^^******XX*X§§§9@@@X.X.%%.X^XXX#XXXXXXX*******XXXXXXXXXXXX§§§§§XXXX§*§*§*§*§*§*§XXXX§§§§§XXXXXXXXXXXX*******XXXXXXX#XXX.X.%%.X.X§§§§§X^^^^^^^^XXXX.^.^.^.#§§§§999§§§§#XXXXX###XXXXX#§§§§999§§§§#.^.^.^.XXXX^^^^^^^^X§§§§§X.X.%%.X^X§§§§XX^^^^^XXXX..^.XXXXXXXXXX§§§§§XXXX....^...^....XXXX§§§§§XXXXXXXXXX.^..XXXX^^^^^XX§§§§X.X.%%.X.X§§§#X....XXXX.^.XXXX........XXXXXXX..^.XXXX...XXXX.^..XXXXXXX........XXXX.^.XXXX....X#§§§X.X.%%.X^X§§XX...XXXX.^.XXX.......X..XX..^..^.XXXX^^XX.XX^^XXXX.^..^..XX..X.......XXX.^.XXXX...XX§§X.X.%%.X.X§XX...XXXX..XXX........XX.XX^^XXXXXXX..&^^^^^^^^^&..XXXXXXX^^XX.XX........XXX..XXXX...XX§X.X.%%.X^XXX...XXXX^^XX&&&&&&&&&XX..XX.XX§§§§§§@.&^XXXXXXX^&.@§§§§§§XX.XX..XX&&&&&&&&&XX^^XXXX...XXX.X.%%.X.X@&&XXXX.^.XX..........X..XX^.XX§§§§§§..XXX.^^^.XXX..§§§§§§XX.^XX..X..........XX.^.XXXX&&@X.X.%%.X^X@XXXX.^.XXX...........X..XX^XX9§§§§XXXXX^..X#X..^XXXXX§§§§9XX^XX..X...........XXX.^.XXXX@X.X.%%.X#XXX^.^.XXX...XX*****XX.X..XX..XX9XXXX^...^XXX§XXX^...^XXXX9XX..XX..X.XX*****XX...XXX.^.^XXX#X.%%.X..^.^XXXX......XX&@&XX..XX..XX^^XXX...^XXXXX§§§§§XXXXX^...XXX^^XX..XX..XX&@&XX......XXXX^.^..X.%%.X^XXXXX....&.....XX9XX....XX..XX...^.XXXX§§§§§§9§§§§§§XXXX.^...XX..XX....XX9XX.....&....XXXXX^X.%%.X.X...............XXX......XX..XX@XXXX..XXX§§§§9§§§§XXX..XXXX@XX..XX......XXX...............X.X.%%.X^X§§9X.....XX^X.........XXXX...XXX......XXX§§§9§§§XXX......XXX...XXXX.........X^XX.....X9§§X^X.%%.X.X§§9X.&..XX^XX...&...XXX....XXXX..adcb..XXX§§9§§XXX..dabc..XXXX....XXX...&...XX^XX..&.X9§§X.X.%%.X^X§§9X...XX^XX......XXX...XXXX....cb@@ad...XX§§§XX...ad@@dc....XXXX...XXX......XX^XX...X9§§X^X.%%.X.X§§9X..XX^XX..&...XX...XXX....bcad....cba..XX§XX..abc....cbcd....XXX...XX...&..XX^XX..X9§§X.X.%%.X^X*****XX^XX......XX..XXX....dab.........dc..X#X..dc.........dab....XXX..XX......XX^XX*****X^X.%%.X.X****XX^XX......XX..XX**...da...badcbad..ba.....ca..bbcabdc...ac...**XX..XX......XX^XX****X.X.%%.X^XXXXXX^XX.&..&..X&&XX***..bc..dab.....bc..dcap.bc..ad.....cba..bc..***XX&&X..&..&.XX^XXXXXX^X.%%.X.X^^^^^XX........X&&X****..b...d........ab......a..ba........a...d..****X&&X........XX^^^^^X.X.%%.X^X#XXX^X...XXX...X&&XX***..cd..bcd.......bacdPB.dcda.......bdc..dc..***XX&&X...XXX...X^XXX#X^X.%%.X.X888X^X..XX9XX..XX..XX**...bd...bdca...................cdba...ad...**XX..XX..XX9XX..X^X888X.X.%%.X^X888X^X.XX@@@XX&&XX..XXX....bcd....dabdcdbacdbabdcabcbba....dac....XXX..XX&&XX@@@XX.X^X888X^X.%%.X.X888#^X§§§§§§§§§@@XX...XXX....abcd...........@...........dabc....XXX...XX@@§§§§§§§§§X^#888X.X.%%.X^XXXXXXXXXXXXXXXXXXXXXX...XXXX....abcdbadbcbdabcdbacbbacdbab...XXXX...XXXXXXXXXXXXXXXXXXXXXX^X.%%.X.^.^.^.^.^.^.^.^.^.^.^....@@@XXXX...........................XXXX@@@....^.^.^.^.^.^.^.^.^.^.^.X.%%.XXXXXXXXXXXXXXXXXXXXXXXXXXXXXXXXXXXXXXXXXXXXXXXXXXXXXXXXXXXXXXXXXXXXXXXXXXXXXXXXXXXXXXXXXXXXXXX.%%.................................................................................................%%%%%%%%%%%%%%%%%%%%%%%%%%%%%%%%%%%%%%%%%%%%%%%%%%%%%%%%%%%%%%%%%%%%%%%%%%%%%%%%%%%%%%%%%%%%%%%%%%%%,99,#,White
Bubbles,8,25,35,%%%%%%%%%%%%%%%%%%%%%%%%%%%%%%%%%%%%%%%%%%XXX#XXXXXXXXXXXXXXXXXXXXXXXXXXXXXXXXXXX%%X8X#X8XXX8XXX8XXX8XXX8XXX8XXX8XXX8XXX8X%%XX#.XX#.XX#.XX#.XX#.XX#.XX#.XX#.XX#.#XX%%XX.9.#.9.X.9.#.9.X.9.#.9.X.9.#.9.#.9.XX%%XXX.XXX.XXX.XXX.XXX.XXX.XXX.XXX.XXX.XXX%%X8XXX8X#X8X#X8X#X8X#X8X#X8X#X8X#X8X#X8X%%XX#.XX#.XX#.XX#.XX#.XX#.XX#.XX#.XX#.#XX%%XX.9.#.9.X.9.X.9.#.9.X.9.#.9.X.9.X.9..X%%XXX.XXX.XXX.XXX.XXX.XXX.XXX.XXX.XXX.XXX%%X8X#X8XXX8X#X8XXX8XXX8XXX8XXX8XXX8X#X8X%%XX#.XX#.XX#.XX#.XX#.XX#.XX#.XX#.XX#.#XX%%XX.9.X.9.#.9.X.9.#.9.#.9.#.9.#.9.X.9.XX%%XXX.XXX.XXX.XXX.XXX.XXX.XXX.XXX.XXX.XXX%%X8X#X8X#X8X#X8XXX8XXX8XXX8XXX8X#X8XXX8X%%XX#.XX#.XX#.XX#.XX#.XX#.XX#.XX#.XX#.#XX%%XX.9.#.9.X.9.#.9.#.9.#.9.#.9.#.9.X.9.XX%%XXX.XXX.XXX.XXX.XXX.XXX.XXX.XXX.XXX.XXX%%X8XXX8XXX8XXX8XXX8XXX8XXX8XXX8XXX8X#X8X%%XX#.XX#.XX#.XX#.XX#.XX#.XX#.XX#.XX#.#XX%%##.9.#.9.#.9.#.9.#.9.#.9.#.9.#.9.X.9.XX%%XX#.XX#.XX#.XX#.XX#.XX#.XX#.XX#.XX#.#XX%%X8XXX8XXX8XXX8XXX8XXX8XXX8XXX8XXX8XXX8X%%XXXXXXXXXXXXXXXXXXXXXXXXXXXXXXXXXXXXXXX%%%%%%%%%%%%%%%%%%%%%%%%%%%%%%%%%%%%%%%%%%,41,#,White
Castle Death,8,20,35,%%%%%%%%%%%%%%%%%%%%%%%%%%%%%%%%%%%%%%%%%%%%%%%%%%%%%%%%%%%%%XXXXXXXXXXXXXXXXXXXXXXXXXXXXXXXXXXXXXXXXXXXXXXXXXXXXXXXXXX%%X§§§§§§§§§§§§§§§§§§§§§§§§§§§§§§§§§§§§§§+XX....+XX...X****X%%XXXXXXXXXXXXXXXXXXXXXXXXXXXXXXXXXXXXXXXX....XXX....@X****X%%X.........................................XXX....&.@X****X%%X+XXXXX+XXXXX+XXXXX+XXXXX+XXXXX+XXXXX+XXXXX....@.&.@X****X%%X999X..9..X&&&&&X§§§§§X@@@@@X..&..X@@@XXX....&.@.&.@X*99*X%%X@@@X.&.&.X&&&&&X§§§§§X@@@@@X99.99X9XXX.X..@.&.@.&.@X****X%%XXXXXXXXXXXXXXXXXXXXXXXXXXXXXXXXXXXXX...X..@.&.@.&.@XX##XX%%+^...&.&.&+...@.@.@+...@@@@@+.....99+...+..@.&.@.&.8+^^^^X%%+^...&.&.&+...@.@.@+...@@@@@+.....99+...+..@.&.@.&.8+^^^^X%%XXXXXXXXXXXXXXXXXXXXXXXXXXXXXXXXXXXXX...X..@.&.@.&.@XX##XX%%X@@@X.&.&.X&&&&&X§§§§§X@@@@@X99.99X9XXX.X..@.&.@.&.@X****X%%X999X..9..X&&&&&X§§§§§X@@@@@X..&..X@@@XXX....&.@.&.@X*99*X%%X+XXXXX+XXXXX+XXXXX+XXXXX+XXXXX+XXXXX+XXXXX....@.&.@X****X%%X.........................................XXX....&.@X****X%%XXXXXXXXXXXXXXXXXXXXXXXXXXXXXXXXXXXXXXXX....XXX....@X****X%%X§§§§§§§§§§§§§§§§§§§§§§§§§§§§§§§§§§§§§§+XX....+XX...X****X%%XXXXXXXXXXXXXXXXXXXXXXXXXXXXXXXXXXXXXXXXXXXXXXXXXXXXXXXXXX%%%%%%%%%%%%%%%%%%%%%%%%%%%%%%%%%%%%%%%%%%%%%%%%%%%%%%%%%%%%%,60,#,White
Concentricity,8,19,20,%%%%%%%%%%%%%%%%%%%%%%%%%%%%%%%%%%%%%%%%%%%%%%%%%%%%%%%%%%%%%%%%%%%%%%%%%%%%%XXXXXXXXXXXXXX##XXXXXXXXXXXXXXXXXXXXXXXXXXXXXXXXXXXXXXXXXX##XXXXXXXXXXXXXX%%X88XXX99XXXXXXX**###^^XXX99###^^XXX8888XXX^^###99XXX^^###**XXXXXXX99XXX88X%%XXX#99XXX§§§§§XXX**XXX^^XXX99XXX^^XX##XX^^XXX99XXX^^XXX**XXX§§§§§XXX99#XXX%%XX99###§§XXXXX§§XXX**XXX^^XXX@@XXX^^XX^^XXX@@XXX^^XXX**XXX§§XXXXX§§###99XX%%X9XXX§§XXX@@@XXX§§XXX**XXX^^XXX@@XXX^^XXX@@XXX^^XXX**XXX§§XXX@@@XXX§§XXX9X%%XXX§§XXX@@XXX@@XXX§§XXX@@XXX^^XXX&&XXXX&&XXX^^XXX@@XXX§§XXX@@XXX@@XXX§§XXX%%X9§XXX@@XXX8XXX@@XXX§§XXX@@XXX^^XXX§§§§XXX^^XXX@@XXX§§XXX@@XXX8XXX@@XXX§9X%%X9XXX&&XXX888XXX&&XXX§§XXX@@XXX^^XXX..XXX^^XXX@@XXX§§XXX&&XXX888XXX&&XXX9X%%X&&&&&XXX99999@@@&&XXX§§###@@XXX^^######^^XXX@@###§§XXX&&@@@99999XXX&&&&&X%%X9XXX&&XXX888XXX&&XXX§§XXX@@XXX^^XXX..XXX^^XXX@@XXX§§XXX&&XXX888XXX&&XXX9X%%X9§XXX@@XXX8XXX@@XXX§§XXX@@XXX^^XXX§§§§XXX^^XXX@@XXX§§XXX@@XXX8XXX@@XXX§9X%%XXX§§XXX@@XXX@@XXX§§XXX@@XXX^^XXX&&XXXX&&XXX^^XXX@@XXX§§XXX@@XXX@@XXX§§XXX%%X9XXX§§XXX@@@XXX§§XXX**XXX^^XXX@@XXX^^XXX@@XXX^^XXX**XXX§§XXX@@@XXX§§XXX9X%%XX99###§§XXXXX§§XXX**XXX^^XXX@@XXX^^XX^^XXX@@XXX^^XXX**XXX§§XXXXX§§###99XX%%XXX#99XXX§§§§§XXX**XXX^^XXX99XXX^^XX##XX^^XXX99XXX^^XXX**XXX§§§§§XXX99#XXX%%X88XXX99XXXXXXX**###^^XXX99###^^XXX8888XXX^^###99XXX^^###**XXXXXXX99XXX88X%%XXXXXXXXXXXXXX##XXXXXXXXXXXXXXXXXXXXXXXXXXXXXXXXXXXXXXXXXX##XXXXXXXXXXXXXX%%%%%%%%%%%%%%%%%%%%%%%%%%%%%%%%%%%%%%%%%%%%%%%%%%%%%%%%%%%%%%%%%%%%%%%%%%%%%,76,#,White
Curlicues One,8,23,15,%%%%%%%%%%%%%%%%%%%%%%%%%%%%%%%%%%%%%%%%%%%%%XXXXXXXXXXXXXXXXXXXXXXXXXXXXXXXXXXXXXXXXXX%%X^^^^^^^^^^^^^^^^^^^^^^^^^^^^^#8X^^^^^^^^X%%X.............XXXXXXXXXXXX^^^^XXX...**XX+X%%X..XXXXXXX^^^XX..........XX^^^^X...**XX&@X%%X.XX*....XX^^X..XXXXXXX...X^^^^X...*XX...X%%X.X9*.....X^^X.XX^^^^^XX..X^^^^X...*X§...X%%X.XX*@@@..X^^X.X9@...^^X..X^^^^X...*X§§§§X%%X..XXXXX..X^^X.XX@.......XX...XX&§&XX§...X%%X^^^^^^^^XX^^X..XXXXXXXXXX....X^^^^X&....X%%XXXXXXXXXX^^^X&*&*&*&§&§&§&§&XX^^^^X&..XXX%%#^^^^^^^^^^XXXXXXXXXXXXXXXXXX#^^^^^X@..#8X%%XXXXXXXXXX^^^X&*&*&*&§&§&§&§&XX^^^^X&..XXX%%X^^^^^^^^XX^^X..XXXXXXXXXX....X^^^^X&....X%%X..XXXXX..X^^X.XX@.......XX...XX&§&XX§...X%%X.XX*@@@..X^^X.X9@...^^X..X^^^^X...*X§§§§X%%X.X9*.....X^^X.XX^^^^^XX..X^^^^X...*X§...X%%X.XX*....XX^^X..XXXXXXX...X^^^^X...*XX...X%%X..XXXXXXX^^^XX..........XX^^^^X...**XX&@X%%X.............XXXXXXXXXXXX^^^^XXX...**XX+X%%X^^^^^^^^^^^^^^^^^^^^^^^^^^^^^#8X^^^^^^^^X%%XXXXXXXXXXXXXXXXXXXXXXXXXXXXXXXXXXXXXXXXXX%%%%%%%%%%%%%%%%%%%%%%%%%%%%%%%%%%%%%%%%%%%%%,44,#,White
Cyclone,8,23,40,%%%%%%%%%%%%%%%%%%%%%%%%%%%%%%%%%%%%%%%%%%%%%%%%%%%%%%%%%%%%%%%%%%%%%%%%%%%%%%%%%%%%%%%%%%%%XXXXXXXXXXXXXXXXXXXXXXXXXXXXXXXXXXXXXXXXXXXXXXXXXXXXXXXXXXXXXXXXXXXXXXXXXXXXXXXXXXXXXXXXX%%XXXX^^^^^^^^^XXX^^^^^^^^^XXX^^^#XXX8.X.&.X.&.X..*X+^.^.^.^.^.^..XX*^.^.^.^.^.^.^.^.^.^#8X%%XX***XXX...XXX...XXX...XXX...XXX^^X*.X^X^X^X^X^X.*XXXXXXXXXXXXX..XX^^XXXXXXXXXXXXXXXXXX#X%%X88XXX...XXX...XXX...XXX...XXX^^^§X*.X^X^X^X^X^X..*XX8@§§§§§§@XX§.XX^^..........@&.§**X.X%%XXXX@&@XXX@@@XXX&&&XXX&@&XXX^^^§..X*.X^X^X^X^X^X...@X@........@X§..X...........@&..§**X.X%%XX...XXX...XXX...XXX...XXX^^^§....X*.X^X^X^X^X^X...@X*..*9*..@XX^^XXXX*.......@&@..§**X.X%%X*.XXX...XXX...XXX...XXX^^^^....§§X*.&.X.&.X.&.X..*XX*.....§XXX.XXX@@XXX*....@&..@.§**X.X%%X*XX...XXX...XXX...XXX^^^§.^...XX+XXXXXXXXXXXXXX.*XX*....§§XXX.XXXXXX&&XXX*.@&....@8**X.X%%X^^^^XXX^^^^^^^^^XXX^^^§..*^.&XX.*X&^^*****^^#X.*XX*....§XXX&&XXX@@X#X*..XX@&.....8@**X.X%%XXXXXXXXXXXXXXXXXX^^^§...**^.&X8.*X@XXXXXXXXXX^.XX&....XXX&&XXX*****XXX*..XXXXXXXXXXXXX.X%%#^^^^^^^^^^^^^9#^^^.....*99^.@X8.*#^^^*****8XXXXX8@..XX#@@XX#@@@....8XXX*.+^.^.^.^.^.^+.X%%XXXXXXXXXXXXXXXXXX^^^§...**^.&X8.*X@XXXXXXXXXX^.XX&....XXX&&XXX*****XXX*..XXXXXXXXXXXXX.X%%X^^^^XXX^^^^^^^^^XXX^^^§..*^.&XX.*X&^^*****^^#X.*XX*....§XXX&&XXX@@X#X*..XX@&.....8@**X.X%%X*XX...XXX...XXX...XXX^^^§.^...XX+XXXXXXXXXXXXXX.*XX*....§§XXX.XXXXXX&&XXX*.@&....@8**X.X%%X*.XXX...XXX...XXX...XXX^^^^....§§X*.&.X.&.X.&.X..*XX*.....§XXX.XXX@@XXX*....@&..@.§**X.X%%XX...XXX...XXX...XXX...XXX^^^§....X*.X^X^X^X^X^X...@X*..*9*..@XX^^XXXX*.......@&@..§**X.X%%XXXX@&@XXX@@@XXX&&&XXX&@&XXX^^^§..X*.X^X^X^X^X^X...@X@........@X§..X...........@&..§**X.X%%X88XXX...XXX...XXX...XXX...XXX^^^§X*.X^X^X^X^X^X..*XX8@§§§§§§@XX§.XX^^..........@&.§**X.X%%XX***XXX...XXX...XXX...XXX...XXX^^X*.X^X^X^X^X^X.*XXXXXXXXXXXXX..XX^^XXXXXXXXXXXXXXXXXX#X%%XXXX^^^^^^^^^XXX^^^^^^^^^XXX^^^#XXX8.X.&.X.&.X..*X+^.^.^.^.^.^..XX*^.^.^.^.^.^.^.^.^.^#8X%%XXXXXXXXXXXXXXXXXXXXXXXXXXXXXXXXXXXXXXXXXXXXXXXXXXXXXXXXXXXXXXXXXXXXXXXXXXXXXXXXXXXXXXXXX%%%%%%%%%%%%%%%%%%%%%%%%%%%%%%%%%%%%%%%%%%%%%%%%%%%%%%%%%%%%%%%%%%%%%%%%%%%%%%%%%%%%%%%%%%%%,91,#,White
Darwinism,8,16,25,%%%%%%%%%%%%%%%%%%%%%%%%%%%%%%%%%%...............................%%...............................%%.............######............%%..........####&&&&####.......#.%%.......####§§§§§§§§§§####...##.%%....####...§§@###..§§...##.###.%%.####8...#.§§@#89#.§§...8###9#.%%.####8.....§§@#89#.§§...8###9#.%%....####...§§@###..§§...##.###.%%.......####§§§§§§§§§§####...##.%%........#.####&&&&####.#.....#.%%........#....######....#.......%%.......##.............##.......%%...............................%%%%%%%%%%%%%%%%%%%%%%%%%%%%%%%%%%,33,#,White
False Wall,8,15,20,%%%%%%%%%%%%%%%%%%%%%%%%%%%%%%%%%%%%%%%%%%%%%%%%%%%%%%%%%%%%%%%%%X+XXXXXXXXXXXXXXXXXXXXXXXXXXXXXXXXXXXXXXXXXXXXXXXXXXXXXXXXXX+X%%X^+^^^^^^^^^^^^^^^^^^^^^^^^^^^^^^^^^^^^^^^^^^^^^^^^^^^^^^^^+^X%%X^XXXXXXXXXXXXXXXXXXXXXXXXXX+X##X+XXXXXXXXXXXXXXXXXXXXXXXXXX^X%%X^+@*&*@*&*@*&*@*&*@*&*@*&*@*X@@X*@*&*@*&*@*&*@*&*@*&*@*&*@+^X%%X^XXXXXXXXXXXXXXXXXXXXXXXXX+XX§§XX+XXXXXXXXXXXXXXXXXXXXXXXXX^X%%X^+&.@.&.@.&.@.&.@.&.@.&.@.&X*..*X&.@.&.@.&.@.&.@.&.@.&.@.&+^X%%X^XXXXXXXXXXXXXXXXXXXXXXXX+XX*..*XX+XXXXXXXXXXXXXXXXXXXXXXXX^X%%X^+§§§§§§§§§§§§§§§§§§§§§§§§X§§..§§X§§§§§§§§§§§§§§§§§§§§§§§§+^X%%X^XXXXXXXXXXXXXXXXXXXXXXX+XX##99##XX+XXXXXXXXXXXXXXXXXXXXXXX^X%%X^+&.@.&.@.&.@.&.@.&.@.&.@X..####..X@.&.@.&.@.&.@.&.@.&.@.&+^X%%X^XXXXXXXXXXXXXXXXXXXXXX+XX...##...XX+XXXXXXXXXXXXXXXXXXXXXX^X%%X^+*&*@*&*@*&*@*&*@*&*@*&X&@&@88&@&@X&*@*&*@*&*@*&*@*&*@*&*+^X%%XXXXXXXXXXXXXXXXXXXXXXXXXXXXXXXXXXXXXXXXXXXXXXXXXXXXXXXXXXXXXX%%%%%%%%%%%%%%%%%%%%%%%%%%%%%%%%%%%%%%%%%%%%%%%%%%%%%%%%%%%%%%%%%,64,#,White
Funnel,8,21,15,%%%%%%%%%%%%%%%%%%%%%%%%XXXXXXXXXXXXXXXXXXXXX%%X&&&...........***X.#%%X&XXXXXXXXXXXXXXX*X.X%%X&X&&&.......***X*X.X%%X.X&XXXXXXXXXX.*X.X.X%%X.X&X8XX§§§§§XX*X.X.X%%X.X.XX*§§§§§§§X.X.X.X%%X.X.XX@@@@@@@@@.X.X.X%%X.X.X89§§§§§§§§.X.X.X%%X.X.X89§§§§§§§§.X.X.X%%X.X.X89§§§§§§§§.X.X.X%%X.X.XX@@@@@@@@@XX.X.X%%X.X.XX*§§§§§§§*XX.X.X%%X.X*X8XX§§§§§XX8X&X.X%%X.X*XXXXXXXXXXXXX&X.X%%X*X***.........&&&X&X%%X*XXXXXXXXXXXXXXXXX&X%%X***.............&&&X%%XXXXXXXXXXXXXXXXXXXXX%%%%%%%%%%%%%%%%%%%%%%%%,23,#,White
Greater vault (another nethack-style castle),8,18,30,%%%%%%%%%%%%%%%%%%%%%%%%%%%%%%%%%%%%%%%%%%%%%%%%%%%%%..................................................%%.XXXXX......................................XXXXX.%%.X9§§X......................................X§§9X.%%.XXX+XXXXXXXXXXXXXXXXXXX++XXXXXXXXXXXXXXXXXXX+XXX.%%...X^^^^^^^^^^^^^^^^^^^+..+^^^^^^^^^^^^^^^^^^^X...%%...X^XXXXXXXXXXXXXXXXXXX++XXXXXXXXXXXXXXXXXXX^X...%%...X^X§§§§§§§§§§§§§§§§§X..X§§§§§§§§§X§§@@@@§X^X...%%...X^X§§§§§§§§§§§§§§§§§+..+§§§§§§§§§+§§§§998X^X...%%...X^X§§§§§§§§§§§§§§§§§+..+§§§§§§§§§+§§§§998X^X...%%...X^X§§§§§§§§§§§§§§§§§X..X§§§§§§§§§X§§@@@@§X^X...%%...X^XXXXXXXXXXXXXXXXXXXXXXXXXXXXXXXXXXXXXXXX^X...%%...X^^^^^^^^^^^^^^^^^^^^^^^^^^^^^^^^^^^^^^^^^^X...%%.XXX+XXXXXXXXXXXXXXXXXXXXXXXXXXXXXXXXXXXXXXXX+XXX.%%.X9§§X......................................X§§9X.%%.XXXXX......................................XXXXX.%%..................................................%%%%%%%%%%%%%%%%%%%%%%%%%%%%%%%%%%%%%%%%%%%%%%%%%%%%%,52,#,White
Greater vault (butterfly),8,18,25,%%%%%%%%%%%%%%%%%%%%%%%%%%%%%%%%%%%%%%%%%XXXXXXXXXXXXXXXXXXXXXXXXXXXXXXXXXXXXXX%%X*9..&XX***++^^^^^^^^^^^^++***XX&..*9X%%X9..&XX§§§§§XX^^^^^^^^^^XX§§§§§#X&..*X%%X..&#X.....§.XX^^^^^^^^XX..&....XX&..X%%X.&XX..§.&....XX^^^^^^XX..§...&..XX&.X%%X&XX..*...&.^..XX^^^^XX..*....§..§XX&X%%XXXX+XXXXXXXXXXXXX++XXXXXXXXXXXXX+XXXX%%+....§.§.X&&&&***+99+***&&&&X§.§.§...+%%+...§.§.§X&&&&***+99+***&&&&X.§.§....+%%XXXX+XXXXXXXXXXXXX++XXXXXXXXXXXXX+XXXX%%X&XX..*....&...XX^^^^XX...*...&§..#X&X%%X.&XX..&.^....XX^^^^^^XX....&....XX&.X%%X..&XX....&..XX^^^^^^^^XX..§..*.XX&..X%%X*..&#X§§§§§XX^^^^^^^^^^XX§§§§§XX&..9X%%X9*..&XX***++^^^^^^^^^^^^++***XX&..*9X%%XXXXXXXXXXXXXXXXXXXXXXXXXXXXXXXXXXXXXX%%%%%%%%%%%%%%%%%%%%%%%%%%%%%%%%%%%%%%%%%,40,#,White
Greater vault (castle),8,27,35,%%%%%%%%%%%%%%%%%%%%%%%%%%%%.........................%%..XXXXX..XXX+XXX..XXXXX..%%..X§§§X..X.§§§.X..X§§§X..%%..X§§*XXXX.&&&.XXXX*§§X..%%..XXXX+....&&&....+XXXX..%%.....X.....§§§.....X.....%%.....X..§XXX+XXX§..X.....%%.....X.XXX^^^^^XXX.X.....%%.&...X.X§§*****§§X.X..&..%%....XX.X§XXX+XXX§X.XX....%%....X..X§X@@@@@X§X..X....%%....X..X§X@999@X§X..X....%%....X..X§X@989@X§X..X....%%....X..X§X@999@X§X..X....%%....X..X§X@@@@@X§X..X....%%....XX.X§XXX+XXX§X.XX....%%.....X.X§§*****§§X.X.....%%.....X.XXX^^^^^XXX.X.....%%.....X..§XXX+XXX§..X.....%%.....X.....&&&.....X.....%%..XXXX+....&&&....+XXXX..%%..X§§*XXXX.&&&.XXXX*§§X..%%..X§§§X..X.§§§.X..X§§§X..%%..XXXXX..XX^^^XX..XXXXX..%%.........................%%%%%%%%%%%%%%%%%%%%%%%%%%%%,27,#,White
Greater vault (chambers),8,15,25,%%%%%%%%%%%%%%%%%%%%%%%%%%%%%%%%%%%%%%%%%&+.^..^..^..^..^..^..^..^..^..^..^..+&%%+XXXXXXXXXXXXXXXXXXXXXXXXXXXXXXXXXXXX+%%.X.&.^§X&^&^X****+^*^@^X.*.&..X..*.§X.%%^X.§.&^+^&^@X^^^^X@^*^*X....*^+.^...X^%%.X*..§.XXX+XXXX+XXXX+XXX.&.^..X..&§.X.%%^X..^.*X*..^&&@@*X§§§§§XXXX+XXX§....X^%%.XX+XXXXXXXXXXXXXX§*8*§X§§§§§§XXX+XXX.%%^X*&X.&§*.X§*&^*^X§§§§§X§§§§§§X....§X^%%.X&§+....*+§*&^*^XXXXXXXXXX+XXX.§...+.%%^X.§X.*.&.X§*&^*^+.§.&.^*.&^&^X.....X^%%.X^*X.§..§X§*&^*^X*.^*.§..&&&^X§..§.X.%%+XXXXXXXXXXXXXXXXXXXXXXXXXXXXXXXXXXXX+%%&+..^..^..^..^..^..^..^..^..^..^..^.+&%%%%%%%%%%%%%%%%%%%%%%%%%%%%%%%%%%%%%%%%%,40,#,White
Greater vault (der el bahri),8,28,35,%%%%%%%%%%%%%%%%%%%%%%%%%%%%%%%%%%%%%%%%%%%%%%.XXXXXXXXXXXXXXXXXXXXXXXXXXXXXXXXXXXXXXXXX.%%.X***X§§X^^^^^^^^X9988899X^^^^^^^^+******X.%%.X***X§§+^..§...^X9999999X^...§..^XXXX***X.%%.X***XXXX^......^XXXX+XXXX^......^X**XXXXX.%%.X^^^X§§X^..§...^^^^^^^^^^^...§..^X******X.%%.X@@@X§§X^.......................^X§§§§§§X.%%.X^^^X§§X^..§..§..§..§..§..§..§..^X§§§§§§X.%%.X^^^X++X^.......................^X§§§§§§X.%%.X^^^X^^X^..§..§..§..§..§..§..§..^X§§§§§§X.%%.X^^^^^^+^.......................^X§§§§§§X.%%.X^^^^^^X^..§..§..§..§..§..§..§..^X§§§§§§X.%%.XXX+XXXX^.......................^X§§§§§§X.%%.X***X**X^..§..§..§..§..§..§..§..^X§§§§§§X.%%.XXXXX**X^.......................^X§§§§§§X.%%.X§§§§§§+^.......................^+§§§§§§X.%%.X§§§§§§+^^^^^^^^^^^^^^^^^^^^^^^^^+§§§§§§X.%%.XXXXXXXXXXXXXXXXXXX+++XXXXXXXXXXXXXXXXXXX.%%.X.............^^^^^^^^^^^^..............X.%%.X................^^^^^^^................X.%%.XXXXXXXXXXXXXXXXXXX^^^XXXXXXXXXXXXXXXXXXX.%%.X.................X.^.X.................X.%%.X.X.X.X.X.X.X.X.X.X^^^X.X.X.X.X.X.X.X.X.X.%%.X.................X.^.X.................X.%%.X.X.X.X.X.X.X.X.X.X^^^X.X.X.X.X.X.X.X.X.X.%%.X.................X.^.X.................X.%%...........................................%%%%%%%%%%%%%%%%%%%%%%%%%%%%%%%%%%%%%%%%%%%%%%,45,#,White
Greater Vault (Divisi),8,31,35,%%%%%%%%%%%%%%%%%%%%%%%%%%%%%%%%%%%%%%%%%%%%%%%%%%%%%%%%.....................................................%%.#XXXXXXXXXXXXXXXXXXXXXXXXXXXXXXXXXXXXXXXXXXXXXXXXX#.%%.X§XX@@@&&§§§§§§§§§§§§§§§X8X§§§§§§§§§§§§§§§&&@@@XX§X.%%.X§§XXX@&&XXXXXXXXXXXXXX^X9X^XXXXXXXXXXXXXX&&@XXX§§X.%%.XX§§§XXX^^^XXX#8#8#8#8X^X@X^X8#8#8#8#XXX^^^XXX§§§XX.%%.XXXX§§§XXX^^^XXX######X^X&X^X######XXX^^^XXX§§§XXXX.%%.X@@XXX§§§XXX^^^XXX#8#8X^X§X^X8#8#XXX^^^XXX§§§XXX@@X.%%.X&&&&XXX§§§XXX^^^XX###X^X§X^X###XX^^^XXX§§§XXX&&&&X.%%.X^XX..#XXX§§§XXX^^^XXXX^X§X^XXXX^^^XXX§§§XXX#..XX^X.%%.X^.XXX#@@XXX§§§XXX^^^XX^X§X^XX^^^XXX§§§XXX@@#XXX.^X.%%.X^&&&XXX&&&XXX§§§XXX^^^^X§X^^^^XXX§§§XXX&&&XXX&&&^X.%%.X^XX&&&XXX^^^XXX§§§XXX^^X§X^^XXX§§§XXX^^^XXX&&&XX^X.%%.X§§XXX&@@XXX^^^XXX§§§XXX#§#XXX§§§XXX^^^XXX@@&XXX§§X.%%.X§§##XXX@##XXX^^^XXX§§§XX#XX§§§XXX^^^XXX##@XXX##§§X.%%.XXXX888XXX999XXX^^^###§#888#§###^^^XXX999XXX888XXXX.%%.X§§##XXX@##XXX^^^XXX§§§XX#XX§§§XXX^^^XXX##@XXX##§§X.%%.X§§XXX&@@XXX^^^XXX§§§XXX#§#XXX§§§XXX^^^XXX@@&XXX§§X.%%.X^XX&&&XXX^^^XXX§§§XXX^^X§X^^XXX§§§XXX^^^XXX&&&XX^X.%%.X^&&&XXX&&&XXX§§§XXX^^^^X§X^^^^XXX§§§XXX&&&XXX&&&^X.%%.X^.XXX#@@XXX§§§XXX^^^XX^X§X^XX^^^XXX§§§XXX@@#XXX.^X.%%.X^XX..#XXX§§§XXX^^^XXXX^X§X^XXXX^^^XXX§§§XXX#..XX^X.%%.X&&&&XXX§§§XXX^^^XX###X^X§X^X###XX^^^XXX§§§XXX&&&&X.%%.X@@XXX§§§XXX^^^XXX#8#8X^X§X^X8#8#XXX^^^XXX§§§XXX@@X.%%.XXXX§§§XXX^^^XXX######X^X&X^X######XXX^^^XXX§§§XXXX.%%.XX§§§XXX^^^XXX#8#8#8#8X^X@X^X8#8#8#8#XXX^^^XXX§§§XX.%%.X§§XXX@&&XXXXXXXXXXXXXX^X9X^XXXXXXXXXXXXXX&&@XXX§§X.%%.X§XX@@@&&§§§§§§§§§§§§§§§X8X§§§§§§§§§§§§§§§&&@@@XX§X.%%.#XXXXXXXXXXXXXXXXXXXXXXXXXXXXXXXXXXXXXXXXXXXXXXXXX#.%%.....................................................%%%%%%%%%%%%%%%%%%%%%%%%%%%%%%%%%%%%%%%%%%%%%%%%%%%%%%%%,55,#,White
Greater vault (great spiral),8,39,40,%%%%%%%%%%%%%%%%%%%%%%%%%%%%%%%%%%%%%%%%.....................................%%.X+XXXXXXXXXXXXXXXXXXXXXXXXXXXXXXXXX.%%.X@X.^.^.^.^.^.^.^.^.^.^.^.^.^.^.^^+.%%.X.X^XXXXXXXXXXXXXXXXXXXXXXXXXXXXXXX.%%.X.X.X§..§..§..§..§..§..§..§..§..§.X.%%.X.X^X.XXXXXXXXXXXXXXXXXXXXXXXXXXX.X.%%.X.X.X.X......&...&...&...&...@..X§X.%%.X.X^X§X@XXXXXXXXXXXXXXXXXXXXXXX.X.X.%%.X.X.X.X.X&.........8.........&X*X.X.%%.X.X^X.X.X.XXXXXXXXXXXXXXXXXXX.X.X§X.%%.X.X.X§X.X.X.^.^.^.^.^.^.^.^.X.X.X.X.%%.X.X^X.X.X.X^XXXXXXXXXXXXXXX*X.X*X.X.%%.X.X.X.X&X.X.X§..§..§..§..§X.X.X.X§X.%%.X.X^X§X.X.X^X.XXXXXXXXXXX.X*X.X.X.X.%%.X.X.X.X.X.X.X.X..&..&..9X.X.X.X*X.X.%%.X.X^X.X&X.X^X§X9XXXXXXX.X§X*X.X.X§X.%%.X.X.X§X.X.X.X.X&X@@..&X.X.X.X.X.X.X.%%.X.X^X.X.X9X^X.X*X+XXX.X&X.X*X.X*X.X.%%.X.X.X.X.X.X.X§X^+8+^X.X.X§X.X.X.X§X.%%.X9X^X§X.X.X^X.XXX+X^X.X*X.X*X.X.X.X.%%.X.X.X.X&X.X.X.§.§§X.X9X.X.X.X.X*X.X.%%.X.X^X.X.X.X^XXXXXXX^X.X*X§X*X9X.X§X.%%.X.X.X§X.X.X.^.^.^.^.X.X.X.X.X.X.X.X.%%.X.X^X.X.X.XXXXXXXXXXX.X^X.X^X.X*X.X.%%.X.X.X.X8X&.....9.....&X.X§X.X.X.X§X.%%.X.X^X§X.XXXXXXXXXXXXXXX^X.X^X.X.X.X.%%.X.X.X.X..&....8......@..X.X.X.X*X.X.%%.X.X^X.XXXXXXXXXXXXXXXXXXX§X^X.X.X§X.%%.X.X.X§..§..§..§..§..§..§..X.X.X.X.X.%%.X.X^XXXXXXXXXXXXXXXXXXXXXXX^X.X*X.X.%%.X.X.*.^.*.*.*.*.*.*.*.*.*.^.X.X.X§X.%%.X.XXXXXXXXXXXXXXXXXXXXXXXXXXX.X.X.X.%%.X&.............9.............&X*X.X.%%.XXXXXXXXXXXXXXXXXXXXXXXXXXXXXXX.X§X.%%.+^^.^.^.^.^.^.^.^.^.^.^.^.^.^.^.X§X.%%.XXXXXXXXXXXXXXXXXXXXXXXXXXXXXXXXX+X.%%.....................................%%%%%%%%%%%%%%%%%%%%%%%%%%%%%%%%%%%%%%%%,39,#,White
Greater vault (greater castle),8,25,40,%%%%%%%%%%%%%%%%%%%%%%%%%%%%%%%%%%%%%%%%%%%%%%%%%%%%.................................................%%...XXXXXX...............................XXXXXX...%%..XX§§§§XX.............................XX§§§§XX..%%.XX§*99*§XXXXXXXXXXXXXXXXXXXXXXXXXXXXXXX§*99*§XX.%%.XX§*99*§+^^^^^^^^^^^^^^^^^^^^^^^^^^^^^+§*99*§XX.%%..XX§§§§XXXXXXXXXXXXXXX+X+XXXXXXXXXXXXXXX§§§§XX..%%...XX++XX...............X...............XX++XX...%%....X^^X.............XXXXXXX.............X^^X....%%....X^^X.X^^^^^^^^^^^^^^^^^^^^^^^^^^^^^X.X^^X....%%....X^^X.X^^^XXXXXXXXXXXXXXXXXXXXXXX^^^X.X^^X....%%....X^^+&X^^XX@.+***************+.@XX^^X&+^^X....%%....X^^XXX^^+@.@X*9999988899999*X@.@+^^XXX^^X....%%....X^^+.X^^XX@.+***************+.@XX^^X.+^^X....%%....X^^X.X^^^XXXXXXXXXXXXXXXXXXXXXXX^^^X.X^^X....%%....X^^X.X^^^^^^^^^^^^^^^^^^^^^^^^^^^^^X.X^^X....%%....X^^X............XXXX+XXXX............X^^X....%%...XX++XX..........XX&.&.&.&XX..........XX++XX...%%..XX§§§§XXXXXXXXXXXX&.&.&.&.&XXXXXXXXXXXX§§§§XX..%%.XX§*99*§+********9XXXXX+XXXXX9********+§*99*§XX.%%.XX§*99*§XXXXXXXXXXX&.&.&.&.&XXXXXXXXXXX§*99*§XX.%%..XX§§§§XX.........XX&.&.&.&XX.........XX§§§§XX..%%...XXXXXX...........XXXX+XXXX...........XXXXXX...%%.................................................%%%%%%%%%%%%%%%%%%%%%%%%%%%%%%%%%%%%%%%%%%%%%%%%%%%%,51,#,White
Greater vault (huge),8,17,45,%%%%%%%%%%%%%%%%%%%%%%%%%%%%%%%%%%%%%%%%XXXXXXXXXXXXXXXXXXXXXXXXXXXXXXXXXXXXX%%+&#8#&#8#&#8#&#8#&#8#&#8#&#8#&#8#&#8X%%XXXXXXXXXXXXXXXXXXXXXXXXXXXXXXXXXXX#X%%X8#&#8#&#8#&#8#&#8#&#8#&#8#&#8#&#8#&X%%X#XXXXXXXXXXXXXXXXXXXXXXXXXXXXXXXXXXX%%X&#8#&#8#&#8#&#8#&#8#&#8#&#8#&#8#&#8X%%XXXXXXXXXXXXXXXXXXXXXXXXXXXXXXXXXXX#X%%X8#&#8#&#8#&#88888888888#8#&#8#&#8#&X%%X#XXXXXXXXXXXXXXXXXXXXXXXXXXXXXXXXXXX%%X&#8#&#8#&#8#&#8#&#8#&#8#&#8#&#8#&#8X%%XXXXXXXXXXXXXXXXXXXXXXXXXXXXXXXXXXX#X%%X8#&#8#&#8#&#8#&#8#&#8#&#8#&#8#&#8#&X%%X#XXXXXXXXXXXXXXXXXXXXXXXXXXXXXXXXXXX%%X&#8#&#8#&#8#&#8#&#8#&#8#&#8#&#8#&#&+%%XXXXXXXXXXXXXXXXXXXXXXXXXXXXXXXXXXXXX%%%%%%%%%%%%%%%%%%%%%%%%%%%%%%%%%%%%%%%%,39,#,White
Greater vault (hypostyle of ramses III),8,38,40,%%%%%%%%%%%%%%%%%%%%%%%%%%%%%%%%%%%.XXXXXXXXXXXXXXXXXXXXXXXXXXXXXX.%%.X888888+*******X*******+88888X.%%.XXXXXXXXX+XXXXXXXXXXX+XXXXXXXX.%%.X99+***+^^^+^^^^^^^+^^^+**+99X.%%.XXXXXXXXXXXXXX+++XXXXXXXXXXXXX.%%.X**X§§X§§+^X^^^^^^^X^X§§§+***X.%%.X**X§§X§§X^X^X...X^X^X§§§XXXXX.%%.X+XX§§X§§X^X^..@..^X^X§§§X***X.%%.X§§X§§XXXX^X^X...X^X^X^^^X***X.%%.X§§X§§X§*X^X^^^^^^^X^XX+XXXX+X.%%.X+XXX+X+XX^XXX+++XXX^X^^X§§§§X.%%.X^^^^^X^^+^^^^^^^^^^^+^^X§**§X.%%.X+XXXXXXXX^X.X...X.X^XXXX§**§X.%%.X^^^^^X§§X^.........^X**X§**§X.%%.X^X§X^X§§X^X.X.@.X.X^X++X§§§§X.%%.X^^^^^X§§X^.........^+^^X^^^^X.%%.XXX+XXX++X^XXX...XXX^XXXX+XXXX.%%.X^^^^^^^^+^....&....^+****+^^X.%%.XXXXXXXXXX^X.X...X.X^XXXXXXX^X.%%.X^^^^^+^^X^.........^X^^^^^^^X.%%.X^#X#^X^^X^X.X.&.X.X^X^§*XXXXX.%%.X^X9X^X^^X^.........^X^§*X***X.%%.X^#X#^X^^X^X.X...X.X^X^§*XXX+X.%%.X^^^^^X^^X^^^^^^^^^^^X^^^X§§§X.%%.XXXXXXX++XXXXX+++XXXXXX+XX§§§X.%%.X*****+^^^^^^^^^^^^^^^^^+§§§§X.%%.XXXXXXX^.X.X.X...X.X.X.^XXXXXX.%%.X§§X§§X^...............^+§§§§X.%%.X§§X§§X^.X.X.X...X.X.X.^XXXXXX.%%.X++X++X^.....&.&.&.....^+§§§§X.%%.X^^^^^+^.X.X.X...X.X.X.^XXXXXX.%%.X++X++X^...............^+§§§§X.%%.X§§X§§X^.X.X.X...X.X.X.^XXXXXX.%%.X§§X§§X^^^^^^^^^^^^^^^^^+§§§§X.%%.XXXXXXXXXXXXXX+++XXXXXXXXXXXXX.%%................................%%%%%%%%%%%%%%%%%%%%%%%%%%%%%%%%%%%,34,#,White
Greater vault (Karnak§ part I),8,24,35,%%%%%%%%%%%%%%%%%%%%%%%%%%%%%%%%%%%%%%%%%%%%%.XXXXXXXXXXXXXXXXXXXXXXXXXXXXXXXXXXXXXXXX.%%.X*****+^+^^^^+^^^X§§§X***X***X***X§****X.%%.XXXXXXXXX^XX^X§§§X§X§X§X§X§X§X*X*X§X*X*X.%%.X§X§X§X§X^..^X§§§X§§§X^^^X^^^X**@+^§§§§X.%%.X^^^^^^^+^@.^X§§§XX+XX+XXXXX+XXXXX+XXXXX.%%.X§X^^^X§X^XX^X***X^^^+^^^^^^^+§§*X^^^^^X.%%.XXXX+XXXX^^^^X§§§XXXXX^X.X.X^XXXXX^X^X^X.%%.X^^^^^^^XXXXXX§§§X§§§X^..@..^+§§*X^^^^&X.%%.X^X§X§X^X§§§§X§§§X§X§X^X.X.X^XXXXX^XXXXX.%%.X^^^^^^^X§§§§X^^^X§§§X^^^^^^^+§§*X^+§§*X.%%.XXXX+XXXXX++XXX+XXX+XXXXX+XXXXXXXX^XXXXX.%%.X*§+^^^^^^^^^^^^^^^^^^^^^^^^^+§§*X^+§§*X.%%.XXXX^X.X.X.X.X.X.X.X.X.X.X.X^XXXXX^XXXXX.%%.X*§+^.........&.....&.......^X§§*X^+§§*X.%%.XXXX^X.X.X.X.X.X.X.X.X.X.X.X^+§X*X^XXXXX.%%.X**X^.......................^X§§*X^+§§*X.%%.X§§+^X.X.X.X.X.X.X.X.X.X.X.X^XXXXX^XXXXX.%%.XXXX^.........&.....&.......^+^^^^^+§§*X.%%.X§§+^X.X.X.X.X.X.X.X.X.X.X.X^X§X§X^XXXXX.%%.X**X^^^^^^^^^^^^^^^^^^^^^^^^^X.*.X^+§§*X.%%.XXXXXXXXXXXXXXXX+XXXXXXXXXXXXXXXXXXXXXXX.%%..........................................%%%%%%%%%%%%%%%%%%%%%%%%%%%%%%%%%%%%%%%%%%%%%,44,#,White
Greater vault (kom ombo),8,36,40,%%%%%%%%%%%%%%%%%%%%%%%%%%%%%%%.XXXXXXXXXXXXXXXXXXXXXXXXXX.%%.X****X§99§X9889X§99§X****X.%%.X****X§§§§X9999X§§§§X****X.%%.X+XXXX+XXXX+XXXX+XXXX+XXXX.%%.X@^^^^^^^^^^^^^^^^^^^^^^@X.%%.X^XXXXXXXXXXXXXXXXXXXXXX^X.%%.X^X**X§§X§§X§§X§§X§§X**X^X.%%.X^X§§X+XX+XX+XXX+XX+X§§X^X.%%.X^X§^+^^^^^^^^^^^^^^+^§X^X.%%.X^XXXX^XX+XX^^XX+XX^XXXX^X.%%.X^X§§X^X§§§X^^X§§§X^+^§X^X.%%.X^X§§X^X***X^^X***X^X§*X^X.%%.X^X§§X^X9X9X^^X9X9X^XXXX^X.%%.X^X§§X^X***X^^X***X^+^§X^X.%%.X^X++X^X§§§X^^X§§§X^X§*X^X.%%.X^X^^X^XX+XX^^XX+XX^XXXX^X.%%.X^X^^+^^^^^^^^^^^^^^X§*X^X.%%.X^X§§X^^^^^^^^^^^^^^+^§X^X.%%.X^XXXXXXX+XXXXXX+XXXXXXX^X.%%.X^X§X§X§§§§§XX§§§§§X***X^X.%%.X^X§X^X§***§++§***§+*@*X^X.%%.X^X§+^+§§§§§XX§§§§§X***X^X.%%.X^XXX+XXX+XXXXXX+XXXX+XX^X.%%.X^X*§^X§§§§§XX§§§§§+^^*X^X.%%.X^X§§^+§§*§§++§§*§§XX+XX^X.%%.X^X*§*X§§§§§XX§§§§§X§§§X^X.%%.X^XXXXXXX+XXXXXX+XXXXXXX^X.%%.X^X^^^^^^^^^^^^^^^^^^^^X^X.%%.X^X^^XX§XX^^XX^^XX§XX^^X^X.%%.X^X^^^^^^^^^^^^^^^^^^^^X^X.%%.X^+^^XX§XX^^XX^^XX§XX^^+^X.%%.X§X^^^^^^^^^^^^^^^^^^^^X§X.%%.XXXXXXXXX+XXXXXX+XXXXXXXXX.%%............................%%%%%%%%%%%%%%%%%%%%%%%%%%%%%%%,30,#,White
Greater vault (large),8,18,35,%%%%%%%%%%%%%%%%%%%%%%%%%%%%%%%%%%%%%%%%%XXXXXXXXXXXXXXXXXXXXXXXXXXXXXXXXXXXXXX%%X§#§#§#§#§#§#§#§#*@@*#§#§#§#§#§#§#§#§X%%X+XXXXXXXXXXXXXXXX##XXXXXXXXXXXXXXXX+X%%X.§..§.X&.&.§*XX******XX*§.&.&X.§...§#%%X..§.^^X....§XX***@@***XX§....X^^..§.#%%XXXXXX+X^&.&XX***@##@***XX&.&^X+XXXXXX%%X§.&.^^X+XXXX***@#XX#@***XXXX+X^^.§..X%%X..§&§.X^^^@X**@#X88X#@**#@^^^X.§..&§X%%X.§....X^^^@#**@#X88X#@**X@^^^X.&.§..X%%X...§^^X+XXXX***@#XX#@***XXXX+X^^..§.X%%XXXXXX+X^&.&XX***@##@***XX&.&^X+XXXXXX%%#.§..^^X.....XX***@@***XX§....X^^.§..X%%#...§..X&.&.§*XX******XX*§.&.&X..§..§X%%X+XXXXXXXXXXXXXXXX##XXXXXXXXXXXXXXXX+X%%X§#§#§#§#§#§#§#§#*@@*#§#§#§#§#§#§#§#§X%%XXXXXXXXXXXXXXXXXXXXXXXXXXXXXXXXXXXXXX%%%%%%%%%%%%%%%%%%%%%%%%%%%%%%%%%%%%%%%%%,40,#,White
Greater vault (mortuary temple of sety),8,25,35,%%%%%%%%%%%%%%%%%%%%%%%%%%%%%%%%%%%................................%%.XXXXXXXXXXXXXXXXXXXXXXXXXXXXXX.%%.X^+§§***X§§+^^^^^+§§X*X§§X*X9X.%%.X^XXXXXXX§§X^X*X^X§§X§X§§X*X9X.%%.X^+§§***XXXX^*@*^X§§X^X§§X@X9X.%%.X^XXXXXXX§§X^X*X^XXXX^X§§X^X9X.%%.X^+§§***X§§+^^^^^+..X^X§§X^X^X.%%.X^XXXXXXXXXXXX+XXXXXX+X++X+X+X.%%.X^X*X*X*X**X§+.+§X**X^^^^+^^^X.%%.X+X§X§X§X§§XXX.XXX§§X^^^^+^^^X.%%.X^X^X^X^X§§X§X.X§X§§X^^XXXXXXX.%%.X^X+X+X+X^^X§X.X§X^^X^^X§§§§§X.%%.X^+^^^^^X++X+X+X+X++X^^X§X§X§X.%%.X^XXXXXXX^^^^^^^^^^^X^^X§§§§§X.%%.X^X*X*X*XXXX^...^XXXX^^X§X§X§X.%%.X^X§X§X§X§§+^X*X^+§§X^^X§§§§§X.%%.X^X^X^X^XXXX^.&.^XXXX^^X§X§X§X.%%.X^X+X+X+X§§+^X*X^+§§X^^X§§§§§X.%%.X^X^^^^^XXXX^...^XXXX^^X§X§X§X.%%.X^X*X§X*X§§X^X*X^X§§X^^X§§§§§X.%%.X^+^^^^^+^^+^^^^^+^^+^^X§§§§§X.%%.XXXXXXXXXXXXXX+XXXXXXXXXXX+XXX.%%................................%%%%%%%%%%%%%%%%%%%%%%%%%%%%%%%%%%%,34,#,White
Greater vault (nethack building),8,16,30,%%%%%%%%%%%%%%%%%%%%%%%%%%%%%%%%%%%%%%%%%%...XXXXXXXXXXXXXXXXXXXXXXXXXXXXXXXXXXXX%%...X^^^^^^^^^^^^^^^^X**@**X**@**X**@**X%%...X^^XXXXXXXXXXXX^^XXX+XXXXX+XXXXX+XXX%%...X^^X§§§§§§§§§§X^^X^^^^^^^^^^^^^^^^^X%%...X^^X§§§§§§§§§§X^^X+XXX+XXX+XXXXX+XXX%%.XXX^^X§§§§§§§§§§X^^^^^^X§§§X§§§X§§§§§X%%.+^&^^X§§§§§§§§§§+^^^^^^X§§§X§§§X§989§X%%.+^&^^X§§§§§§§§§§+^^^^^^X§§§X§§§X§989§X%%.XXX^^X§§§§§§§§§§X^^^^^^X§§§X§§§X§§§§§X%%...X^^X§§§§§§§§§§X^^X+XXXXX+XXX+XXX+XXX%%...X^^X§§§§§§§§§§X^^X^^^^^^^^^^^^^^^^^X%%...X^^XXXXXXXXXXXX^^XXX+XXXXX+XXXXX+XXX%%...X^^^^^^^^^^^^^^^^X**@**X**@**X**@**X%%...XXXXXXXXXXXXXXXXXXXXXXXXXXXXXXXXXXXX%%%%%%%%%%%%%%%%%%%%%%%%%%%%%%%%%%%%%%%%%%,41,#,White
Greater vault (nethack building)*,8,17,30,%%%%%%%%%%%%%%%%%%%%%%%%%%%%%%%%%%%%%%%%%%%%%%%%%%%%%%%....................................................%%........XXXXXXXXXXXXX.................XXXXXXXXXXXXX.%%........X***********X.................X***********X.%%.XXXXXXXX***********XXXXXXXXXXXXXXXXXXX***********X.%%.+^^^^^^X§§§§§§§§§§§X**X**X**X**X**X**X*§§§§§§§§§*X.%%.X^§§§§^X^§§§§§§§§§§X§@X§@X§@X§@X§@X§@X§§§§§§§§§§§X.%%.X^^^^^^+^^^^^^^^^^^XX+XX+XX+XX+XX+XX+X§§§§§§§§§§§X.%%.XXXXXXXX^^^^^^^^^^^+^^^^^^^^^^^^^^^^^+§§§§§89§§§§X.%%.X^^^^^^+^^^^^^^^^^^XX+XX+XX+XX+XX+XX+X§§§§§98§§§§X.%%.X^§§§§^X^§§§§§§§§§§X§@X§@X§@X§@X§@X§@X§§§§§§§§§§§X.%%.+^^^^^^X§§§§§§§§§§§X**X**X**X**X**X**X*§§§§§§§§§*X.%%.XXXXXXXX***********XXXXXXXXXXXXXXXXXXX***********X.%%........X***********X.................X***********X.%%........XXXXXXXXXXXXX.................XXXXXXXXXXXXX.%%....................................................%%%%%%%%%%%%%%%%%%%%%%%%%%%%%%%%%%%%%%%%%%%%%%%%%%%%%%%,54,#,White
Greater vault (nethack castle (almost)),8,19,35,%%%%%%%%%%%%%%%%%%%%%%%%%%%%%%%%%%%%%%%%%%%%%%%%%%%%%%%%%%%%%%%............................................................%%.XXXXXXX............................................XXXXXXX.%%.X§§9§§XXXXXXXXXXXXXXXXXXXXXXXXXXXXXXXXXXXXXXXXXXXXXX§§9§§X.%%.X§§§§§+.......^....*....^ ..........^.......*...^..+§§§§§X.%%.XXXXXXXXXXXXXXXXXXXXXXXXXXXXXX+XXXXXXXXXXXXXXXXXXXXXXXXXXX.%%......X§.§9§§§§X§§§§§§§§§+§.§.§.§.§.§X§.§.§.+^+§.§.§.X......%%......X§.9*9§.§X§§§§§§§§§X§.§..§..§.§X§.§.§.X^X§.§.§.X......%%....&.X.&*@*&§.XXXXXXXXXXX§.§.§9§.§.§XXXXXXXX+XXXXXXXX......%%......+9*@8@*9.+^^^^^^^^^+§.§§9@9§§.§+^^^^^^^^^^^^^^^+......%%....&.X.&*@*&§.XXXXXXXXXXX§.§.§9§.§.§XXXXXXXX+XXXXXXXX......%%......X§.9*9§.§X§§§§§§§§§X§.§.§§§.§.§X.§.§.§X^X.§.§.§X......%%......X§.§9§§§§X§§§§§§§§§+§.§.§.§.§.§X.§.§.§+^+.§.§.§X......%%.XXXXXXXXXXXXXXXXXXXXXXXXXXXXXX+XXXXXXXXXXXXXXXXXXXXXXXXXXX.%%.X§§§§§+.......^....*....^...........^.......*...^..+§§§§§X.%%.X§§9§§XXXXXXXXXXXXXXXXXXXXXXXXXXXXXXXXXXXXXXXXXXXXXX§§9§§X.%%.XXXXXXX............................................XXXXXXX.%%............................................................%%%%%%%%%%%%%%%%%%%%%%%%%%%%%%%%%%%%%%%%%%%%%%%%%%%%%%%%%%%%%%%,62,#,White
Greater vault (nethack hell level #1),8,17,30,%%%%%%%%%%%%%%%%%%%%%%%%%%%%%%%%%%%%%%%%%%%%%%%%%%%%%%%%.....................................................%%.XXXXXXXXXXXXXXXXXXXXXXXXXXXXXXXXXXXXXXXXXXXXXXXXXXX.%%.XX*XXXXXXXXXX**XXXXXXXXXXXX***********************X.%%.XX*X§§§§X***X+XX§§§§§§X***XXXXXXXXXXXX^^^^^^^^^^^^X.%%.XX§X§§§§+***X@^+§§§§§§X***+§§§§§§§§§§X^^^^^^^^^^^^X.%%.XX&X§§§§XXXXXXXX^^^^^^^^^^X§§§XXXXXXXXXXXXXX^^^^^^X.%%.XX+X....XXXX.............^X§§§+§§§§§§§§§§§9XXXXX^^X.%%.+^^^^^^^^^^+^^^^^^^^^^^^^^XXXXX§§§§§§§§§§§9+888+@@X.%%.XX+X....XXXX.............^X§§§+§§§§§§§§§§§9XXXXX^^X.%%.XX&X§§§§XXXXXXXX^^^^^^^^^^X§§§XXXXXXXXXXXXXX^^^^^^X.%%.XX§X§§§§+***X@^+§§§§§§X***+§§§§§§§§§§X^^^^^^^^^^^^X.%%.XX*X§§§§X***X+XX§§§§§§X***XXXXXXXXXXXX^^^^^^^^^^^^X.%%.XX*XXXXXXXXXX**XXXXXXXXXXXX***********************X.%%.XXXXXXXXXXXXXXXXXXXXXXXXXXXXXXXXXXXXXXXXXXXXXXXXXXX.%%.....................................................%%%%%%%%%%%%%%%%%%%%%%%%%%%%%%%%%%%%%%%%%%%%%%%%%%%%%%%%,55,#,White
Greater vault (nethack hell level #2),8,15,30,%%%%%%%%%%%%%%%%%%%%%%%%%%%%%%%%%%%%%%%%%%%%%%%%%%%%%%%....................................................%%.XXXXXXXXXXXXXXXXXXXXXXXXXXXXXXXXXXXXXXXXXXXXXXXX...%%.+^XX§+^^^^^X^^^^^^^^^^^^^^^^^^^^^X§§§X§@^X*^*+9X...%%.X^XX§X^XXX§X@XXXXXXXXXXXXXXXXXXX^X§X§X§X^X*X*X9X...%%.X^XX§X^^^X§X^^^^^^^^^^^^^^^^^^@X^X§X§X§X^X*X*X9X...%%.X^XXXXXX^X§XXXXXXXXXXXXXXXXXXX^X^X§X§X§X^X*X*X+XXX.%%.X^^^^^^X^X§X§§§§§§§§§§§§§§§§§X^X^X§X§X§X^X*X*X888X.%%.X+XXXX^X^X§X§XXXXXXXXXXXXXXX§X^X^X§X§X§X^X*X*X+XXX.%%.X§XX§X^X^X§X§X§§§§§§§§§§§§§§§X^X^X§X§X§X^X*X*X9X...%%.X§XX§X^X&X§X§X§XXXXXXXXXXXXXXX^X^X§X§X§X^X*X*X9X...%%.X§XX§+^^^X§§§X^^^^^^^^^^^^^^^^^X^@§X§§§X^@*X*+9X...%%.XXXXXXXXXXXXXXXXXXXXXXXXXXXXXXXXXXXXXXXXXXXXXXXX...%%....................................................%%%%%%%%%%%%%%%%%%%%%%%%%%%%%%%%%%%%%%%%%%%%%%%%%%%%%%%,54,#,White
Greater vault (nethack hell level #3),8,17,30,%%%%%%%%%%%%%%%%%%%%%%%%%%%%%%%%%%%%%%%%%%%%%%%%%%%%%%%%.....................................................%%...XXXXXXXXXXXXXXXXXXXXXXXXXXXXXXXXXXXXXXXXX.........%%...X§§§§§§§§§§§§§§§§§§§§§XXX^^^^^^^^^^^^^^^X.........%%...X§^^^^^^^^^^XXXX§§§§§§+&&^XXXXXXXXXXXX^^+.........%%...X§^XXXXXX******X§§XXXXXXXXX^^^^******XXXX.........%%...X§^X****X@*XXXXXXXX§§§§§§§§§§§XXXXXXXXXXXXXX......%%.XXXX+X§§§§XXXX§§§§§§§§§§§§§§§§§^+************XXXXX..%%.X@§§§§§XX§§§§+§§XXXXXXXXXXXXXXXXX****9999****+888X..%%.XXXX+X§§§§XXXX§§§§§§§§§§§§§§§§§^+************XXXXX..%%...X§^X****X@*XXXXXXXX§§§§§§§§§§§XXXXXXXXXXXXXX......%%...X§^XXXXXX******X§§XXXXXXXXX^^^^******XXXX.........%%...X§^^^^^^^^^^XXXX§§§§§+&&^^XXXXXXXXXXXX^^+.........%%...X§§§§§§§§§§§§§§§§§§§§XXX^^^^^^^^^^^^^^^^X.........%%...XXXXXXXXXXXXXXXXXXXXXXXXXXXXXXXXXXXXXXXXX.........%%.....................................................%%%%%%%%%%%%%%%%%%%%%%%%%%%%%%%%%%%%%%%%%%%%%%%%%%%%%%%%,55,#,White
Greater vault (nethack mirror),8,22,25,%%%%%%%%%%%%%%%%%%%%%%%%%%%%%%%%%%%%%%%%%%.......................................%%...............XXXX+XXXX...............%%...............X**X^X**X...............%%....XXXXXXXXXXXX**X^X**XXXXXXXXXXXX....%%....X^+99999999X+XX^XX+X99999999+^X....%%....X^X9*******X§§X^X§§X*******9X^X....%%....X^X9*******X§§X^X§§X*******9X^X....%%.XXXX+XXXXXXXXXXX+X+X+XXXXXXXXXXX+XXXX.%%.X**X§§§§§§§§§§X§§§§§§§X§§§§§§§§§§X**X.%%.X*@+§§§§§§§§§§+§§§§8§§X§§§§§§§§§§+@*X.%%.X*@+§§§§§§§§§§X§§§8§§§+§§§§§§§§§§+@*X.%%.X**X§§§§§§§§§§X§§§§§§§X§§§§§§§§§§X**X.%%.XXXX+XXXXXXXXXXX+X+X+XXXXXXXXXXX+XXXX.%%....X^X9*******X§§X^X§§X*******9X^X....%%....X^X9*******X§§X^X§§X*******9X^X....%%....X^+99999999X+XX^XX+X99999999+^X....%%....XXXXXXXXXXXX**X^X**XXXXXXXXXXXX....%%...............X**X^X**X...............%%...............XXXX+XXXX...............%%.......................................%%%%%%%%%%%%%%%%%%%%%%%%%%%%%%%%%%%%%%%%%%,41,#,White
Greater vault (nethack samurai castle #2),8,20,35,%%%%%%%%%%%%%%%%%%%%%%%%%%%%%%%%%%%%%%%%%%%%%%%%%%%%%%%%%%%%%%...........................................................%%.XXXXXXXXXXXXX...............................XXXXXXXXXXXXX.%%.X§§^^^^^^^§§X...............................X§§^^^^^^^§§X.%%.X§§^XXXXX^§§XXXXXXXXXXXXXXXXXXXXXXXXXXXXXXXXX§§^XXXXX^§§X.%%.X§§^+999X^§§X§§§§§§§§§§§§§§§§§§§§§§§§§§§§§§§X§§^X999+^§§X.%%.X§§^XXXXX^^^^^^^^^^^^^^^^^^^^^^^^^^^^^^^^^^^^^^^XXXXX^§§X.%%.X^^^^^^^^^^^XXXXXX+XXXXXXXXXXXXXXXXXXX+XXXXXX^^^^^^^^^^^X.%%.XXXX^^^XXXXXXXX*X§§§§§§§§§§§§§§§§§§§§§§§X*XXXXXXXX^^^XXXX.%%....+^^^X********+§§§§§§§§§§§§§§§§§§§§§§§+********X^^^+....%%....+^^^X********+§§§§§§§§§§§§§§§§§§§§§§§+********X^^^+....%%.XXXX^^^XXXXXXXX*X§§§§§§§§§§§§§§§§§§§§§§§X*XXXXXXXX^^^XXXX.%%.X^^^^^^^^^^^XXXXXX+XXXXXXXXXXXXXXXXXXX+XXXXXX^^^^^^^^^^^X.%%.X§§^XXXXX^§§^^^^^^^^^^^^^^^^^^^^^^^^^^^^^^^^^^^^XXXXX^§§X.%%.X§§^+999X^§§X§§§§§§§§§§§§§§§§§§§§§§§§§§§§§§§X§§^X999+^§§X.%%.X§§^XXXXX^§§XXXXXXXXXXXXXXXXXXXXXXXXXXXXXXXXX§§^XXXXX^§§X.%%.X§§^^^^^^^§§X...............................X§§^^^^^^^§§X.%%.XXXXXXXXXXXXX...............................XXXXXXXXXXXXX.%%...........................................................%%%%%%%%%%%%%%%%%%%%%%%%%%%%%%%%%%%%%%%%%%%%%%%%%%%%%%%%%%%%%%,61,#,White
Greater vault (nethack samurai castle),8,20,35,%%%%%%%%%%%%%%%%%%%%%%%%%%%%%%%%%%%%%%%%%%%%%%%%%%%%%%%%%%%%.........................................................%%.XXXXX.............................................XXXXX.%%.X***X.............................................X***X.%%.X***XXX.....XX+XXXXXXXXXXXXXXXXXXXXXXXXX+XX.....XXX***X.%%.XXX@§§X.....X^&^X§§§X***X§§§X***X^^^+8X^&^X.....X§§@XXX.%%...X§§§XXXXXXX^^^X§§§X^^^X§§§X^^^X@@^X8X^^^XXXXXXX§§§X...%%...XXX^^^^^^^^^XXXXX+XXX+X+XXXXX+X+XXXXXXX^^^^^^^^^XXX...%%.....X^^XXXXXXXX*X§§§§§§§§§§§§§§§§§§§§§X*XXXXXXXX^^X.....%%.....X^^+§§§§§§§§+§§§§§§§§§99§§§§§§§§§§+§§§§§§§§+^^X.....%%.....X^^+§§§§§§§§+§§§§§§§§§99§§§§§§§§§§+§§§§§§§§+^^X.....%%.....X^^XXXXXXXX*X§§§§§§§§§§§§§§§§§§§§§X*XXXXXXXX^^X.....%%...XXX^^^^^^^^^XXXXXXX+X+XXXXX+X+XXX+XXXXX^^^^^^^^^XXX...%%...X§§§XXXXXXX^^^X8X^@@X^^^X^^^X§§§X§§§X^^^XXXXXXX§§§X...%%.XXX@§§X.....X^&^X8+^^^X***X***X§§§X§§§X^&^X.....X§§@XXX.%%.X***XXX.....XX+XXXXXXXXXXXXXXXXXXXXXXXXX+XX.....XXX***X.%%.X***X.............................................X***X.%%.XXXXX.............................................XXXXX.%%.........................................................%%%%%%%%%%%%%%%%%%%%%%%%%%%%%%%%%%%%%%%%%%%%%%%%%%%%%%%%%%%%,59,#,White
Greater vault (nethack spiral),8,19,30,%%%%%%%%%%%%%%%%%%%%%%%%%%%%%%%%%%%%%%%.........XXXXXXXXX+XXXXXXXXX........%%......XXXX^^^^^^^^^^^^^^^^^XXXX.....%%...XXXX^^^^^XXXXXXXXXXXXX^^^^^XXXX..%%..XX^^^^^XXXX^^^^^^^^^^^XXXX^^^^^XX.%%.XX^^^^XXX^^^^XXXXXXXXX^^^^XXX^^^^XX%%.X^^^^XX^^^^XXX§^^^^^§XXX^^^^XX^^^^X%%.X§§§XX§§§XXX§§^XX+XX^§§XXX§§§XX§§§X%%.X§§§X§§§§X§§§^XX***XX^§§§X§§§§X§§§X%%.X§§§X§99§X§§§^+@888@+^§§§X§§§§+§§§X%%.X§§§X§§§§X§§§^XX***XX^§§§X§§§§X§§§X%%.X§§§XX§§§XXX§§^XX+XX^§§XXX§§§XX§§§X%%.X§§§§XX^^^^XXX§^^^^^§XXX^^^^XX§§§§X%%.XX§§§§XXX^^^^XXXX+XXXX^^^^XXX§§§§XX%%..XX§§§**XXXX^^^^^^^^^^^XXXX§§§§§XX.%%...XXXX**§§§XXXXXXXXXXXXX§§§§§XXXX..%%......XXXX§§§§§§§§§§§§§§§§§XXXX.....%%.........XXXXXXXXXXXXXXXXXXX........%%%%%%%%%%%%%%%%%%%%%%%%%%%%%%%%%%%%%%%,38,#,White
Greater vault (nethack tomb),8,13,25,%%%%%%%%%%%%%%%%%%%%%%%%%%%%%%%%%%%%%%%%%%%%%%%%%%%%%%%%%%.......................................................%%..........XXXXX.XXXXX.XXXXX.XXXXX.XXXXX................%%..........X§§§X.X§§§X.X§§§X.X§§§X.X§§§X................%%.XXXXXXXXXX§&§XXX§&§XXX§&§XXX§&§XXX§&§XXXXXXXXXXXXXXXX.%%.X&^&X....^...^...^...^...^...^...^..^..X§§§§§§§§X§§9X.%%.+^^^+..^...^...^...^...^...^...^...^.@.+§§§§§§§§+§98X.%%.X&^&X....^...^...^...^...^...^...^.....X§§§§§§§§X§§9X.%%.XXXXXXXXXX§&§XXX§.§XXX§.§XXX§&§XXX§&§XXXXXXXXXXXXXXXX.%%..........X§§§X.X§§§X.X§§§X.X§§§X.X§§§X................%%..........XXXXX.XXXXX.XXXXX.XXXXX.XXXXX................%%.......................................................%%%%%%%%%%%%%%%%%%%%%%%%%%%%%%%%%%%%%%%%%%%%%%%%%%%%%%%%%%,57,#,White
Greater vault (nethack§ large city),8,21,25,%%%%%%%%%%%%%%%%%%%%%%%%%%%%%%%%%%%%%%%%%%%%%%%%%%%%%%%....................................................%%.##################################################.%%.#................................................#.%%.#.####################.########..#####.#########.#.%%.#.#^§§§§^#^****^#^§§^#.#^§§§§^#..#^^^#.#^§§§§§^#.#.%%.#.#^§§§§^#^****^#^§§^#.#^§§§§^#..+^**#.#^§§§§§^#.#.%%.#.#^§§§§^#^§§§§^#^^^^#.#^^^^^^#..#^^^#.#^§§§§§^#.#.%%.#.#^^^^^^#^^^^^^###+##.###+####..#####.#^^^^^^^#.#.%%.#.#+#########+###......................######+##.#.%%.#................................................#.%%.#.###+######+####......###+########..............#.%%.#.#^^^^^^#^^^^^^######.#^^^^^^^^^^#...###+#####..#.%%.#.#^§§§§^#^§§§§^#^^^^+.#^§§§§§§§§^#...#^^^^^^^#..#.%%.#.#^****^#^§§§§^#§§§^#.#^@999999@^#...#^§§§§§^#..#.%%.#.#^****^#^§§§§^#§§§^#.#^^^^^^^^^^#...#^§§§§§^#..#.%%.+.####################.############...#########..#.%%.#................................................#.%%.##################################################.%%....................................................%%%%%%%%%%%%%%%%%%%%%%%%%%%%%%%%%%%%%%%%%%%%%%%%%%%%%%%,54,#,White
Greater vault (Pattern 2),8,29,30,%%%%%%%%%%%%%%%%%%%%%%%%%%%%%%%%%%%%%%%%%%%%%%XXXXXXXXXXXXXXXXXXXXXXXXXXXXXXXXXXXXXXXXXXX%%X8+^^^^^^^^^^^^^^^^^^^^^^^^^^^^^^^^^^^^^+8X%%X+XXXXXXXXXXXXXXXXXXX+XXXXXXXXXXXXXXXXXXX+X%%X^X.....................................X^X%%X^X.................p...................X^X%%X^X.........adcbadcba.dcbadcbad.........X^X%%X@X......dcba.........d.......dcba......X@X%%X§X...baad.....abcdab.dabcda.....addc...X§X%%X§X..cb.....bcda....b......abcd.....cb..X§X%%X§X.dc....dab....adcb.adcb....dab....ba.X§X%%X§X.d....cd....cba....a..bad....bc....a.X§X%%X§X.a...bc...adc...PPPPP...dcb...cd...d.X§X%%X§X.b...b....a....PPPAPPP....b....d...c.X§X%%X§X.c...a....b....PPABAPP....a....a...c.X§X%%X§X.d...d....c....PPPAPPP....d....b...b.X§X%%X§X.a...dc...cda...PPPPP...bcd...cb...b.X§X%%X§X.b....cb....abc.......dab....dc....a.X§X%%X§X.bc....bad....cddaabbcd....bad....da.X§X%%X§X..cd.....dcba...........adcb.....cd..X§X%%X§X...dabc.....adcbadcbadcba.....dabc...X§X%%X^X......cdab.................abcd......X^X%%X^X.........bccddaabcdabcdabcda.........X^X%%X^X.....................................X^X%%X+XXXXXXXXXXXXXXXXXXXXXXXXXXXXXXXXXXXXXXX+X%%X9+^^^@§§§§§&§§§§§§§§&§§§§§§§&§§§§§§@^^^+9X%%XXXXXXXXXXXXXXXXXXXXX+XXXXXXXXXXXXXXXXXXXXX%%...........................................%%%%%%%%%%%%%%%%%%%%%%%%%%%%%%%%%%%%%%%%%%%%%%,45,#,White
Greater vault (Pattern 2)*,8,30,30,%%%%%%%%%%%%%%%%%%%%%%%%%%%%%%%%%%%%%%%%%%%.XXXXXXXXXXXXXXXXXXXXXXXXXXXXXXXXXXXXXXX%%.X9+^^^^^^^^^^^^^^^^^+§§§§§§§§§§§§§§§+8X%%.X+XXXXXXXXXXXXXXXXXXXXXXXXXXXXXXXXXXX+X%%.X§X.................................X^X%%.X§X....adcbadcbadcbadcbadcbadc......X^X%%.X§X...ba.....................cbad...X^X%%.X§X..cb..bad.bad.bad.bad.bad....d...X^X%%.X§X..c..cb.dcb.dcb.dcb.dcb.dcba.dc..X^X%%.X&X..d.dc.....................a..c..X^X%%.X&X..d.d..bbcc...cbadcba..adc.ad.b..X^X%%.X+X..a.a.ab..cd.dc.....ad.a.c..d.a..X+X%%.X^X..a.b.a....d.d..PPP..d.b.c.cd.d..X@X%%&X^X..b.c.ad...a.a.PPAPP.c.c.b.c..dc.X9X%%.+^X..b.d..dc..a.b.PABAP.b.d.b.cb..c.+8X%%&X^X..c.a...cb.b.c.PPAPP.a.a.a..b..b.X9X%%.X^X..d.b....b.c.d..PPP..d.b.d.ab..a.X@X%%.X+X..a.c.cdab.d.da..d...dcb.d.a..da.X+X%%.X&X..b.d.c....a..abcd.......c.ad.d..X^X%%.X&X..c.a.cbad.ab......abc..bc..d.c..X^X%%.X§X..d.b....d..bcdabcda.cdab..cd.b..X^X%%.X§X..a.bcda.c................bc..a..X^X%%.X§X..b....abc..dab.dab.dab.dab..da..X^X%%.X§X..bcda.....cd.bcd.bcd.bcd...cd...X^X%%.X§X.....abcdabc..............pbc....X^X%%.X§X.................................X^X%%.X+XXXXXXXXXXXXXXXXXXXXXXXXXXXXXXXXXXX+X%%.X9+^^^^^^^^^^^^^^^^^+§§§§§§§§§§§§§§§+8X%%.XXXXXXXXXXXXXXXXXXXXXXXXXXXXXXXXXXXXXXX%%%%%%%%%%%%%%%%%%%%%%%%%%%%%%%%%%%%%%%%%%%,42,#,White
Greater vault (Sierpinski),8,28,35,%%%%%%%%%%%%%%%%%%%%%%%%%%%%%%%%%%%%%%%%..................X..................%%.................XXX.................%%.................X8X.................%%.....&..........XX+XX................%%...............XX999XX........&......%%......&........X@X9X@X...............%%..............XXXX+XXXX..............%%.............XX*@*@*@*XX....&........%%.............X@X*@*@*X@X.............%%............XXXX**@**XXXX............%%..........&XX§§§X***X§§§XX&..........%%..........XX§X@X§X§X§X@X§XX..........%%.........XXXXX+XXXXXXX+XXXXX.........%%........XX+§§§§§§§§§§§§§§§+XX........%%........X@X§§§§§§§§§§§§§§§X@X........%%.......XX+XX§§§§§§§§§§§§§XX+XX.......%%......XX§§§XX§§§§§§§§§§§XX§§§XX......%%......X§X§X§X§§§§§§§§§§§X§X§X§X......%%.....XXXX+XXXX§§§§§§§§§XXXX+XXXX.....%%....XX*******XX§§§§§§§XX*******XX....%%....X§X*****X§X§§§§§§§X§X*****X§X....%%...XXXX*****XXXX§§§§§XXXX*****XXXX...%%..XX§§§X***X§§§XX§§§XX§§§X***X§§§XX..%%..X§X§X§X*X§X§X§X§§§X§X§X§X*X§X§X§X..%%.XXXXXXXX+XXXXXXXXXXXXXXXXX+XXXXXXXX.%%.........&.................&.........%%%%%%%%%%%%%%%%%%%%%%%%%%%%%%%%%%%%%%%%,39,#,White
Greater vault (Spiral castle),8,31,35,%%%%%%%%%%%%%%%%%%%%%%%%%%.......................%%.XXXXX...........XXXXX.%%.X§§§X...........X§§§X.%%.X§§§X...........X§§§X.%%.XXX+XXXXXXXXXXXXX+XXX.%%...X^^^^^^^^^^^^^^^X...%%...X^XXXXXXXXXXXXX^X...%%...X^X^^^^^^^^^^^+^X...%%...X^X^XXXXXXXXXXX^X...%%...X^X^X&..&....&X^X...%%...X^X^X.XXXXXXX.X^X...%%...X^X^X.X^^^^^X.X^X...%%...X^X^X&X+XXX^X.X^X...%%...X^X^X.X*9*X^X&X^X...%%...+^X^X§X989X^X.X^+...%%...X^X^X.X*9*X^X.X^X...%%...X^X^X.XXX+X^X§X^X...%%...X^X^X..&..X^X.X^X...%%...X^X.XXXXXXX^X.X^X...%%...X^X^^^^^^^^^X&X^X...%%...X^XXXXXXXXXXX.X^X...%%...X^+...&..&...§X^X...%%...X^XXXXXXXXXXXXX^X...%%...X^^^^^^^^^^^^^^^X...%%.XXX+XXXXXXXXXXXXX+XXX.%%.X§§§X...........X§§§X.%%.X§§§X...........X§§§X.%%.XXXXX...........XXXXX.%%.......................%%%%%%%%%%%%%%%%%%%%%%%%%%,25,#,White
Greater Vault (Twisted Cube),8,24,20,%%%%%%%%%%%%%%%%%%%%%%%%%%%%%%%%%%%%%%%%%%.......................................%%.XXXXXXXXXXXXXXXXXXXXXXXXXXXXXXXXX.....%%.X...............................XX....%%.X..X^^XXXXXXXXXXXXXXXXXXXXX.XXX..#X...%%.X..XX^^XX§§§§§§§§§§§§§§§§§X.X&X+..XX..%%.X..X+X^^XX§§§§§§§§§§§§§§§§+.X9&XX..XX.%%.X..X§XX^^XXXXXXXXXXXXXXXXXX.XXXXXX..X.%%.X..X§§XX..................X.X.......X.%%.X..X§§§XX.XXXXXXXX#XXXXXXXX.XXXXXX..X.%%.X..X^^^^X.X§9§&***&§§§&***X.X****X..X.%%.X..X&&&&X.X9§&***&§8§&***&X.X^^^^X..X.%%.X..X^^^^X.X§&***&§8§&***&9X.X&&&&X..X.%%.X..X****X.X&***&§§§&***&9§X.X^^^^X..X.%%.X..XXXXXX.XXXXXXXX#XXXXXXXX.XX§§§X..X.%%.X.......X.X..................XX§§X..X.%%.X..XXXXXX.XXXXXXXXXXXXXXXXXX^^XX§X..X.%%.XX..XX&9X.+§§§§§§§§§§§§§§§§XX^^X+X..X.%%..XX..+X&X.X§§§§§§§§§§§§§§§§§XX^^XX..X.%%...X#..XXX.XXXXXXXXXXXXXXXXXXXXX^^X..X.%%....XX...............................X.%%.....XXXXXXXXXXXXXXXXXXXXXXXXXXXXXXXXX.%%.......................................%%%%%%%%%%%%%%%%%%%%%%%%%%%%%%%%%%%%%%%%%%,41,#,White
Greater vault (university),8,29,30,%%%%%%%%%%%%%%%%%%%%%%%%%%%%%%%%%%%%%%%....................................%%.##################################.%%.#*+..&#..§#§#..§#§#..§#§#.§#&+*#*#.%%.#####.#.###.#.###.#.###.#.##.###+#.%%.#***#.#.#*..#.#*..#.#*..#.#..#..&#.%%.#+###+#+###+#+###+#+###+#+##+###+#.%%.#...+&......................&+...#.%%.#.###.##########++##########.###.#.%%.#§#.+.#§§§§§§§§§§§§§§§§§§§§#.#*#§#.%%.###.#.#§.§..§..§@.§..§..§.§#.#.###.%%.#§..#.#§..§..§..§..§..§..§§#.+..§#.%%.#####.#§9&§§§9§§&§§&§§.§§§§#.#####.%%.+^^^+.+§§§&§§§&§§§9§§&§§&§§+.+^^^+.%%.+^^^+.+§.§...§...§...§...§§+.+^^^+.%%.###+#.#§§§§&§§&§§§9§&§§§&§§#.#####.%%.#*#&#.#§§§&§§§9§&§§&§§§§§9§#.#..§#.%%.#+#*#.#§.§...§....§....§..§#.#.###.%%.#.###.#§§§&§§§§&§9§§&§§§&§§#.+.#§#.%%.#&..+.#§§§§§§§§.§§§§§§§§§§§#.###.#.%%.#####.##########++##########.+...#.%%.#&..+&......................&#+###.%%.#.###+#+###+#+###+#+###+#+##+#...#.%%.#.+*#.#.#*..#.#*..#.#*..#.#..###§#.%%.#####.#.###.#.###.#.###.#.##&#*###.%%.#*+..&#..§#§#..§#§#..§#§#.§#.+§*§#.%%.##################################.%%....................................%%%%%%%%%%%%%%%%%%%%%%%%%%%%%%%%%%%%%%%,38,#,White
Hellpit,8,19,20,%%%%%%%%%%%%%%%%%%%%%%%%%%%%%%%%%%%%%%%%%%%%%%%%%%%%%%%%%%%%%..........................................................%%.XXXXXXXXXXXXXXXXXXXXXXXXXXXXXXXXXXXXXXXXXXXXXXXXXXXXXXXX.%%.X@@&....#8.#9....^^&&&&&&&&&&&&###.^^§§......+8*9+§§§§§X.%%.X@&@.............^^................^^§§......+9*9+§§§§§X.%%.X&@@.............^^@@@@@@@@@@@###..^^§§......+9*9+§§§§§X.%%.X.....#8....#9...^^................^^§§......+9*9+§§§§§X.%%.X................^^&&&&&&&&&&&&###.^^§§.&&&&&+9*9+§§§§§X.%%.X.......@@@@.....^^................^^§§.&@@@&+9*9+§§§§§X.%%.#....#8.@@@@.#9..^^@@@@@@@@@@@###..^^§§.&@9@&+8*9+§§§§§X.%%.X.......@@@@.....^^................^^§§.&@@@&+9*9+§§§§§X.%%.X................^^&&&&&&&&&&&&###.^^§§.&&&&&+9*9+§§§§§X.%%.X.....#8....#9...^^................^^§§......+9*9+§§§§§X.%%.X&@@.............^^@@@@@@@@@@@###..^^§§......+9*9+§§§§§X.%%.X@&@.............^^................^^§§......+9*9+§§§§§X.%%.X@@&....#8.#9....^^&&&&&&&&&&&&###.^^§§......+8*9+§§§§§X.%%.XXXXXXXXXXXXXXXXXXXXXXXXXXXXXXXXXXXXXXXXXXXXXXXXXXXXXXXX.%%..........................................................%%%%%%%%%%%%%%%%%%%%%%%%%%%%%%%%%%%%%%%%%%%%%%%%%%%%%%%%%%%%%,60,#,White
Jigsaw,8,16,25,%%%%%%%%%%%%%%%%%%%%%%%%%%%%%%%%%%%%%%%%%%%%%%%%%%...............................................%%.#############################################.%%.#&&&&&&&&&&&&###99999999###&&&&&&&###&*&*&*&#.%%.#&9999999999&&&##§§§§§§##§§§§§§§§##*&*&*&*&*#.%%.#&99999&&&&&&&&##§§§§§§##§§§§§§§§##&*&*&*&*&#.%%.#&9999&&###&&###§§§###§§###@8§@8§@###*&###&*#.%%.#&&99&&##*##&#§§§§##9##988##@@@@@@@@#&##9##&#.%%.##&&&&##***########999#######9999######9@9###.%%.###&&##*******##§§§§§§§§§##8##@@##88##@§@§@§#.%%.#8####&&&&&&&##§§§§§§§§§##999####9999##@§@§@#.%%.#9@&@&@&@&@&@##§§§§§§§§§##§§§§§§§§§§§##§@§@§#.%%.#*************##§§§§§§§§§##&&&&&&&&&##§@§@§@#.%%.#############################################.%%...............................................%%%%%%%%%%%%%%%%%%%%%%%%%%%%%%%%%%%%%%%%%%%%%%%%%%,49,#,White
Lesser vault (amada temple),7,15,10,%%%%%%%%%%%%%%%%%%%%%%%%%%%%%%%............................%%.######################.....%%.#**#§§§§+^^#.....&...#.....%%.#**#§§§§#^^#...&.....#.....%%.#+#######^^#..#.#.#.##.....%%.#§§§§§§§#^^#^^^^^^^^^#####.%%.#§§§§§§§+^^+^^^^^^^^^+^^^+.%%.#§§§§§§§#^^#^^^^^^^^^#####.%%.#+#######^^#..#.#.#.##.....%%.#**#§§§§#^^#...&..&..#.....%%.#**#§§§§+^^#.........#.....%%.######################.....%%............................%%%%%%%%%%%%%%%%%%%%%%%%%%%%%%%,30,#,White
Lesser vault (amenhotep I),7,18,10,%%%%%%%%%%%%%%%%%%%%%%%%%%%%%%%%%%%................................%%...............######...........%%...............#.&&.#...........%%.###############.##.#...........%%.#**#§§§+^^^^^^^^##.###.........%%.#**#§§§#^^^^^^^^^^...#########.%%.##+#####^^#######^&#.#.......#.%%.#§§§§§§+^^+§*§*§+^^^^^^^^^^^^+.%%.#§§§§§§+^^+*§*§*+^^^^^^^^^^^^+.%%.##+#####^^#######^&#.#.......#.%%.#**#§§§#^^^^^^^^^^...#########.%%.#**#§§§+^^^^^^^^##.###.........%%.###############.##.#...........%%...............#.&&.#...........%%...............######...........%%................................%%%%%%%%%%%%%%%%%%%%%%%%%%%%%%%%%%%,34,#,White
Lesser vault (arena),7,15,5,%%%%%%%%%%%%%%%%%%...............%%.+###########+.%%.#...........#.%%.#.####^####.#.%%.#.#§§§§§§§#.#.%%.#.#§§§§§§§#.#.%%.#.^§§§§§§§^.#.%%.#.#§§§§§§§#.#.%%.#.#§§§§§§§#.#.%%.#.####^####.#.%%.#...........#.%%.+###########+.%%...............%%%%%%%%%%%%%%%%%%,17,#,White
Lesser vault (bank),7,9,7,%%%%%%%%%%%%%%%%%%%%%%...................%%.&XXXXXXXXXXXXXXXXX%%&&XXXXX+XXX+XX*§XXX%%&&+###########§*XXX%%.&XXX+XXX+XXX+XXXXX%%.&XXXXXXXXXXXXXXXXX%%...................%%%%%%%%%%%%%%%%%%%%%%,21,#,White
Lesser vault (belvoir keep),7,19,5,%%%%%%%%%%%%%%%%%%%%%%...................%%.###...........###.%%.#§######+######§#.%%.##+^^^^+&+^^^^+##.%%..#&^####+####^.#..%%..#.^#§^+^+§§#^.#..%%..#.^#§^#^#§§#^.#..%%..#.^#§*#^##+#^.#..%%..#.^#§^#^#§§#^&#..%%..#.^#§^+^#*§#^.#..%%..#.^####+####^.#..%%.##+^^^^^^^^^^^+##.%%.#§######+######§#.%%.###...#§*§#...###.%%.......#*§*#.......%%.......#####.......%%...................%%%%%%%%%%%%%%%%%%%%%%,21,#,White
Lesser vault (brain's lair),7,18,5,%%%%%%%%%%%%%%%%%%...............%%.#############.%%.#...........#.%%.#.####^####.#.%% #.#...&...#.#.%%.#.#.#####.#.#.%%.#.#.#§§§#.#.#.%%.#.#.#§§§#.#.#.%%.#.#.#§§§#.#.#.%%.#.#.##+##.#.#.%%.^.#..#^#..#.^.%%.####.#^#.####.%%.#§§#.#+#.#§§#.%%.#§§+..&..+§§#.%%.#############.%%...............%%%%%%%%%%%%%%%%%%,17,#,White
Lesser Vault (Camouflaged),7,9,10,%%%%%%%%%%%%%XXXXXXXXXX%%#§§§§§§§§X%%XXXXXXXXXX%%X§§§§§§§§#%%XXXXXXXXXX%%#§§§§§§§§X%%XXXXXXXXXX%%%%%%%%%%%%%,12,#,White
Lesser vault (camp),7,15,10,%%%%%%%%%%%%%%%%%%%%%%%%%%%%%%%%%%%%%%...................................%%.####^^^^^^^^^^^^^^^^^^^^^^^^^####.%%.#§&############+++############&§#.%%.###+.........................+###.%%.^#....##+#.....#+#....##+#....#^..%%.^+....#§§#.....#§#....#§§#....+^..%%.^+....+&&+..&..+&+..&.+&&+....+^..%%.^+....#§§#.....#§#....#§§#....+^..%%.^#....#+##.....#+#....#+##....#^..%%.###+.........................+###.%%.#§&############+++############&§#.%%.####^^^^^^^^^^^^^^^^^^^^^^^^^####.%%...................................%%%%%%%%%%%%%%%%%%%%%%%%%%%%%%%%%%%%%%,37,#,White
Lesser vault (celtic),7,17,5,%%%%%%%%%%%%%%%%%%%%%%...................%%.#####..#+#..#####.%%.#&§##.##&##.##§&#.%%.#+##..#*^*#..##+#.%%.#....###.###....#.%%...####..&..####...%%.###*##.#+#.##*###.%%.+&.^..&+*+&..^.&+.%%.###*##.#+#.##*###.%%...####..&..####...%%.#....###.###....#.%%.#+##..#*^*#..##+#.%%.#&§##.##&##.##§&#.%%.#####..#+#..#####.%%...................%%%%%%%%%%%%%%%%%%%%%%,21,#,White
Lesser Vault (Central),7,12,12,%%%%%%%%%%%%%%%############%%#§#^^^^^^#§#%%##+######+##%%#^#^^§§^^#^#%%#^#^&@9&^#^#%%#^#^&9@&^#^#%%#^#^^§§^^#^#%%##+######+##%%#§#^^^^^^#§#%%############%%%%%%%%%%%%%%%,14,#,White
Lesser Vault (Cross),7,13,10,%%%%%%%%%%%%%%%%%%%%%########++########%%#*....*#..#*....*#%%#....&§#^^#§&....#%%#....§##..##§....#%%#+#####*..*#####+#%%#^^.....§§.....^^#%%#+#####*..*#####+#%%#....§##..##§....#%%#....&§#^^#§&....#%%#*....*#..#*....*#%%########++########%%%%%%%%%%%%%%%%%%%%%,20,#,White
Lesser vault (der el bahri sanctuary),7,12,5,%%%%%%%%%%%%%%%%%%%%%%%....................%%..........###.......%%..........#§#.......%%..###.###.#§#.......%%.##§###§###§#######.%%.+^^^^^^^+^^^+§§§§#.%%.+^^^^^^^+^^^+§§§§#.%%.######+###########.%%......###...........%%....................%%%%%%%%%%%%%%%%%%%%%%%,22,#,White
Lesser vault (diagonal),7,12,5,%%%%%%%%%%%%%%%%%   %§§§##§§§§##....%%  %§§§§##§§§§##....%% %#§§§§##§§§§##....%%%##§§§§##§§§§##....%%.##§§§§§§§§§§#+...%%..#+§§§§§§§§§§##..%%...##§§§§##§§§§##.%%%...##§§§§##§§§§##% %%...##§§§§##§§§§#%  %%...##§§§§##§§§§%   %%%%%%%%%%%%%%%%%,20,#,White
Lesser vault (diagonal)*,7,12,5,   %%%%%%%%%%%%%%%%%  %%....##§§§§##§§§% %%....##§§§§##§§§§%%%....##§§§§##§§§§#%%....##§§§§##§§§§##%%...+#§§§§§§§§§§##.%%..##§§§§§§§§§§+#..%%.##§§§§##§§§§##...%%##§§§§##§§§§##...%%%#§§§§##§§§§##...%% %§§§§##§§§§##...%%  %%%%%%%%%%%%%%%%%   ,20,#,White
Lesser vault (easter egg),7,14,5,%%%%%%%%%%%%%%%%%%%%.................%%.###############.%%.#§^§^§^§^§^§^§#.%%.#+###########^#.%%.#§^§^§^§^§^§#§#.%%.###########§#^#.%%.#§^§^§^§^§#^#§#.%%.#+#######§#§#^#.%%.#§§§§§§§#^#^#§#.%%.#§§§§§§§#§+§#^+.%%.###############.%%.................%%%%%%%%%%%%%%%%%%%%,19,#,White
Lesser vault (edfu),7,15,5,%%%%%%%%%%%%%%%%.............%%.###########.%%.#§+^#§#^+§#.%%.###+#+#+###.%%.#§+^...^+§#.%%.###.###.###.%%.#§+.#*#.+§#.%%.###.#§#.###.%%.#§+.#^#.#§#.%%.###^...^#+#.%%.#§+§#+#§+§#.%%.#####^#####.%%.............%%%%%%%%%%%%%%%%,15,#,White
Lesser vault (hathor chapel),7,21,10,%%%%%%%%%%%%%%%%%%%%.................%%......##+###.....%%.######^^^######.%%.#§§#^#...#^#§§#.%%.#§§+^..*..^+§§#.%%.#§§#^#...#^#§§#.%%.####^.....^####.%%....#^^^^^^^#....%%....#.##+##.#....%%....#&#^^^#&#....%%....###§^§###....%%....#§§§§§§§#....%%....####+####....%%....#§§§§§§§#....%%....####+####....%%....#§§§§§§§#....%%....####+####....%%.....#*****#.....%%.....#######.....%%%%%%%%%%%%%%%%%%%%,19,#,White
Lesser vault (hospital ward),7,14,5,%%%%%%%%%%%%%%%%%%%%%..................%%.################.%%.#§§#§§#§§#§§#§§#.%%.#§§#§§#§§#§§#§§#.%%.##+##+##+##+##+#.%%.+..............+.%%.+..............+.%%.#+##+##+##+##+##.%%.#§§#§§#§§#§§#§§#.%%.#§§#§§#§§#§§#§§#.%%.################.%%..................%%%%%%%%%%%%%%%%%%%%%,20,#,White
Lesser vault (Karnak§ part II),7,20,10,%%%%%%%%%%%%%%%%%%%%%%%%%%%%%%...........................%%.###+######################%%.#§+^#§§#§§#^+^+^#*#§#^+§#.%%.###.#§§#§§#^#^#^#*#§#^###.%%.#§+^#§§#§§#^#^#^#*#+#^+§#.%%.###.#++#++#^#^#^#+#.#^###.%%.#§+^#^^^^^+^#^#^+§§§#^+§#.%%.###.#^^^^^+^#^#+#+###^###.%%.#§+^#+#+#+#^#^#§#^+§#^+§#.%%.###.#§#§#§#^#^#######^###.%%.#§+^#######+#§§+§§§§§^+§#.%%.###^^^^^^#§^#§§+§§§§#^###.%%.#§+^#§#*^##+####§§§§§^+§#.%%.###^§§§*^#^^^^^#§§§§#^###.%%.#§+^#§#*^#§§§§^+§§§§§^+§#.%%.###^^^^^^#^^^^^#§§§§§^###.%%...##########+##########...%%...........................%%%%%%%%%%%%%%%%%%%%%%%%%%%%%%,29,#,White
Lesser vault (layers),7,21,5,%%%%%%%%%%%%%%%%%%%%%%...................%%.########+########.%%.#.......§.......#.%%.#.#############.#.%%.#.#....+.#*...#.#.%%.#.#.####+####.#.#.%%.#.#.#...&...#.#.#.%%.#.#.#.#####.#.#.#.%%.#.#.#.#*§*#.#.#.#.%%.#^#^#^#§§§#^#^#.#.%%.#.#.#.#*§*#.#.#.#.%%.#.#.#.##+##.#.#.#.%%.#.#.#..+§#*.#.#.#.%%.#.#.#########.#.#.%%.#.#.....§.....#.#.%%.#.######+######.#.%%.#.....*#.+......#.%%.#################.%%...................%%%%%%%%%%%%%%%%%%%%%%,21,#,White
Lesser vault (lesser crypt),7,13,5,%%%%%%%%%%%%%%%%%%%%%%%%%%%................###.....%%................#§#.....%%......#######.###+###...%%..###.#§#§#§#.#^^^^^#...%%.##&###+#+#+###^###^###.%%.+^^^+^^^^^^^+^^#9#^+§#.%%.##&###+#+#+###^###^###.%%..###.#§#§#§#.#^^^^^#...%%......#######.###+###...%%................#§#.....%%................###.....%%%%%%%%%%%%%%%%%%%%%%%%%%%,26,#,White
Lesser vault (maze of rooms),7,16,10,%%%%%%%%%%%%%%%%%%%%%%%%%%%%%%%%%..............................%%.#+##########################.%%.#^#§§§+^#*#^+§§+*#^+^#*#**@#.%%.#^+§§§#^+^+^######^#^#*###+#.%%.#########+###§§§§#^#§+@#§§§#.%%.#§§§§§§+^^+§§§§§§+^#######+#.%%.###+#######§§§§§#####§§+^^^#.%%.#§§§+**#**+§§§§§#^^^+§§#^§^#.%%.#############+###^§^#+##^^^#.%%.#***#^+§§#§§§§§§+^^^#^######.%%.#+###^#§§+§§§§§§#####^+§^^^#.%%.#§§§+^#§§########§§§+^#§^^^#.%%.##########################+#.%%..............................%%%%%%%%%%%%%%%%%%%%%%%%%%%%%%%%%,32,#,White
Lesser vault (maze),7,22,5,%%%%%%%%%%%%%%%%%%%%%%%.XXXXXXX............%%.XX§§.XXXXXXXXXXXXX.%%.XXXX*...&........X.%%.X.§§XXXXXXXXXXXX*X.%%.X.XXX.....*......X.%%.X..XX.XXXXXXXXXX.X.%%.XX.X.&.XX.X.....*X.%%.XX.XXX...*X§XXXX.^.%%.X.XX§XXXX.XXXX§XXX.%%.X.XX.....*..&.*X§X.%%.X.§XXXXXXXXXXX.X§X.%%.XXXX....*..X§X.X§X.%%.X....XXX.X.X.X.X.X.%%.X.XXXX§X.X.&.X.X.X.%%.X.X...*X.XXXXX.X.X.%%.X.X§XX&X....&..X.X.%%.X.XXXX.XXXXXXXXX.X.%%.X.....*...X*X*X..X.%%.XX^XXXXXX..X*X§XXX.%%........XXXXXXXXXXX.%%%%%%%%%%%%%%%%%%%%%%%,22,#,White
Lesser vault (mine),7,9,7,%%%%%%%%%%%%%%%%%%%%%%...................%%.XXXXXXXXXXXXXXXXXX%%.XX##XXXX*§§XX§*§XX%%.*#XX§*##X*#XX***XX%%.XXXX*§XXXXX##§*§XX%%.XXXXXXXXXXXXXXXXXX%%...................%%%%%%%%%%%%%%%%%%%%%%,21,#,White
Lesser vault (mirror),7,17,5,%%%%%%%%%%%%%%%%%%%%.................%%.+#############+.%%.##&§§§§#§§§§&##.%%.#&#§§§###§§§#&#.%%.#§§§§§§#§§§§§§#.%%.##§§§§§#§§§§§##.%%.###§§§^#^§§§###.%%.#######+#######.%%.###§§§^#^§§§###.%%.##§§§§§#§§§§§##.%%.#§§§§§§#§§§§§§#.%%.#&#§§§###§§§#&#.%%.##&§§§§#§§§§&##.%%.+#############+.%%.................%%%%%%%%%%%%%%%%%%%%,19,#,White
Lesser vault (monster wc),7,12,5,%%%%%%%%%%%%%..#######.%%..#.&&&&#.%%..#^#####.%%.##...+§#.%%.#*...###.%%.#*...+§#.%%.#*...###.%%.##...+§#.%%..#+#####.%%..........%%%%%%%%%%%%%,12,#,White
Lesser vault (nethack city),7,17,9,%%%%%%%%%%%%%%%%%%%%%%%%%%%%%%%%%%...............................%%.############.....############.%%.#§§§#§§§#§§#.....#**#§§§#***#.%%.#§§§#§§§#§§#.....+**#§§§#***#.%%.#§§§#§§§#§§#.....#**#§§§#&&&#.%%.#^§§#§§§#+##.....####+###+###.%%.#+####+##.....................%%...............................%%.#+###+###....###+##...........%%.#^§§#^§§####.#§§§§#.######+##.%%.#§§§#§§§#**#.#§&&§#.+^^#§§§§#.%%.#§§§#§§§#*^+.#§&@§#.#^^#§§§§#.%%.#§§§#§§§#**#.#§§§§#.#**#§§§§#.%%.############.######.#########.%%...............................%%%%%%%%%%%%%%%%%%%%%%%%%%%%%%%%%%,33,#,White
Lesser vault (nethack§ head),7,17,7,%%%%%%%%%%%%%%%%%%%%%%%%%%%%%%........###########........%%...#####################...%%...######§§§§§§§§§######...%%..#+^^^^#§§§§§§§§§#^^^^+#..%%..##^^^^#§§§§§§§§§+^§§^##..%%.#####+##§§§§§§§§§#^^^^###.%%.##^^^^^^§§§§§§§§§########.%%.####+###++#########*@+*##.%%.##^^^^^#^^#§§§#^@^####*##.%%.##^^§§^#^^#§###^#^#****##.%%..##^§§^#^^#§§§.^#^#@####..%%..#+^^^^#^^#####^#^^^^^##..%%...######^^^^^^^^#######...%%...#####################...%%........###########........%%%%%%%%%%%%%%%%%%%%%%%%%%%%%%,29,#,White
Lesser vault (nethack§ rooms),7,14,5,%%%%%%%%%%%%%%%%%%%%%%%%%%%%.........................%%.#+#####################.%%.#.^.^.^.+^+^...^#§§§§§#.%%.#^###+###^#####.+§§§§§#.%%.#.#§§§§§#.#§§§#^#§§§§§#.%%.#^#§§§§§#^+§§§#+#######.%%.#.#######.#§§§#.......#.%%.#^#§§§§§#^#§§§#..&.&..#.%%.#.#§§§§§#.#####.......#.%%.#^+§§§§§#^.^.^+..&.&.^+.%%.#######################.%%.........................%%%%%%%%%%%%%%%%%%%%%%%%%%%%,27,#,White
Lesser vault (nethack§ spiral rooms),7,13,5,%%%%%%%%%%%%%%%%%%%%%%%%%%%%%%%%%..............................%%....#######################...%%..###^+§§§§§§#^^^^^^^^^^+*###.%%..#§#^#§§§§§§#+############§#.%%..#^#^#§§§§§§#§§§+§§§§§§#^#^#.%%..+^+^#§§§§§§#§§§#§§§§§§#^+^+.%%..#^#^#§§§§§§+§§§#§§§§§§#^#^#.%%..#§############+#§§§§§§#^#§#.%%..###*+^^^^^^^^^^#§§§§§§+^###.%%....#######################...%%..............................%%%%%%%%%%%%%%%%%%%%%%%%%%%%%%%%%,32,#,White
Lesser vault (nethack§ tiny castle),7,14,5,%%%%%%%%%%%%%%%%%%%%%%%%%%%%%%%%%%%................................%%.#####....................#####.%%.#*§&#....................#&§*#.%%.###+######################+###.%%...#§§§§§§§§§§§§§#§§§§§§§§§§#...%%...+§§§§§§§§§§§§§+§§§§§§§§§§+...%%...+§§§§§§§§§§§§§+§§§§§§§§§§+...%%...#§§§§§§§§§§§§§#§§§§§§§§§§#...%%.###+######################+###.%%.#*§&#....................#&§*#.%%.#####....................#####.%%................................%%%%%%%%%%%%%%%%%%%%%%%%%%%%%%%%%%%,34,#,White
Lesser vault (nethack-style tower),7,15,5,%%%%%%%%%%%%%%%%%%%%.................%%...###.###.###...%%...#&#.#&#.#&#...%%.###+###+###+###.%%.#.§.§.§.+.+§§§#.%%.###+#####.#####.%%...+*&*&*#.+§#...%%.###+#####.#####.%%.#.§.§.§.+.+§§§#.%%.###+###+###+###.%%...#&#.#&#.#&#...%%...###.###.###...%%.................%%%%%%%%%%%%%%%%%%%%,19,#,White
Lesser vault ('not' 'and'),7,11,5,%%%%%%%%%%%%%%%%.............%%..#########..%%.#+§§§#§§§+#.%%.#§#§#+#§#§#.%%.#§§#+*+#§§#.%%.#§#§#+#§#§#.%%.#+§§§#§§§+#.%%..#########..%%.............%%%%%%%%%%%%%%%%,15,#,White
Lesser vault (octagon),7,14,5,   %%%%%%%%%%%%%%     %%.##########.%%   %%..#..§§§§..#..%% %%§..#.§####§.#..§%%%....#.§#**#§.#....%%.###+§##&&##§+###.%%.#..§§#*&**#§§..#.%%.#..§§#**&*#§§..#.%%.###+§##&&##§+###.%%....#.§#**#§.#....%%%§..#.§####§.#..§%% %%..#..§§§§..#..%%   %%.##########.%%     %%%%%%%%%%%%%%   ,20,#,White
Lesser vault (octagon)*,7,12,5,    %%%%%%%%%%%%     %%%%..........%%%%  %...###+##+###...% %%...#§§#§§#§§#...%%%.###+##+##+##+###.%%.#§§#&&#**#&&#§§#.%%.#§§#&&#**#&&#§§#.%%.###+##+##+##+###.%%%...#§§#§§#§§#...%% %...###+##+###...%  %%%%..........%%%%     %%%%%%%%%%%%    ,20,#,White
Lesser vault (osiris halls),7,17,10,%%%%%%%%%%%%%%%%%%%%%%%%%%%%%%%%%%%................................%%.###########################....%%.#*§+^^^^^#^^^^^^^^^^^^+§§*#....%%.####^#.#^#^#.#.#.#.#.^#####....%%.#*§+^.&.^+^..&...&...^+§§*#....%%.####^#.#^#^#.#.#.#.#.^#####....%%.#*§+^^^^^#^^^^^^^^^^^^+§§*#....%%.####################++########.%%.#§§#§§#§§#§§#§§#§§#....#§§#§§#.%%.#§§#§§#§§#§§#§§#§§#....#§§#§§#.%%.#§§#§§#§§#§§#§§#§§#.&..#§§#§§#.%%.#++#++#++#++#++#++#....#++#++#.%%.#^^^^^^^^^^^^^^^^^^^^^^^^^^^^+.%%.##############################.%%................................%%%%%%%%%%%%%%%%%%%%%%%%%%%%%%%%%%%,34,#,White
Lesser vault (overlap),7,12,5,%%%%%%%%%%%%%%%%%%%................%%.##########.....%%.#§§§^^^^^+&....%%.#§§§##########.%%.#§§§#****+§§§#.%%.#§§§+****#§§§#.%%.##########§§§#.%%....&+^^^^^§§§#.%%.....##########.%%................%%%%%%%%%%%%%%%%%%%,18,#,White
Lesser vault (Pattern),8,31,30,%%%%%%%%%%%%%%%%%%%%%%%%%%%%%%%%%%%%%%%%%%%%%%%%XXXXXXXXXXXXXXXXXXXXXXXXXXXXXXXXXXXXXXXXXXXX.%%X@&+.............................+&@X§§§§§§X.%%XXXX.p...bad.bad.bad.bad.cbb.....XXXX§§§§§§X.%%X@&X.a.dcb.dcb.dcb.dcb.dcc.baa...X&@X§§§§§§X.%%XX+X.b.d.....................ad..X+XX§§§§§§X.%%X....c.a.dabcdabcda...........dc....X§§§§§§X.%%X....d.b.d........a..cbadcba...c....X§§§§§§X.%%X...ad.c.c.dcbadcba..c.....ad..cb...X++XXX+X.%%X...a..d.b.d.........cdabc..d...b...X^^X^^^X.%%X...b.ad.a.a..abcd.......cd.dcb.a...X**X^X+X.%%X..cb.a..d.b..a..d..adcb..d...b.ad..X§§X^X^X.%%X..c..b..c.c..d.ad..a..ba.a...a..d..X&&X^X&X.%%X.dc.cb..b.d..c.a..PPP..a.a.cda..dc.X^^X^X+X.%%X.d..c...a.a..b.b.PPAPP.d.b.c.....c.+^^X^X*X.%%X.da.cd..d.b..a.c.PABAP.c.b.cba..bc.X^^X^X*X.%%X..a..d..c.c..d.d.PPAPP.b.c...a..b..X&&X^XXX.%%X..ab.da.b.d..c.a..PPP..a.c...d.ab..X§§X^X§X.%%X...b..a.a.a..b.ab.....da.d..cd.a...XXXX+X+X.%%X...c..b.d.b..a..bcd.bcd..a.bc..d...X**^^^§X.%%X...cd.bcd.c..ad...dab...ba.b..cd...X§§§§§§X.%%X....d.....d...dc......dcb..a..c....X§§§XXXX.%%X....da....da...cbadcbad...da.bc....X§§§+§§X.%%X.....a.....abc...........cd..b.....X§§§X§§X.%%XX+X..ab......cdabcdabcdabc..ab..X+XXXXXX§§X.%%X@&X...bc...................da...X&@X§§§§§§X.%%XXXX....cddaabbccddaabbcdabcd....XXXX§§§§§&+.%%X@&+.............................+&@X****&&+.%%XXXXXXXXXXXXXXXXXXXXXXXXXXXXXXXXXXXXXXXXX++X.%%.............................................%%%%%%%%%%%%%%%%%%%%%%%%%%%%%%%%%%%%%%%%%%%%%%%%,47,#,White
Lesser vault (prison),7,15,10,%%%%%%%%%%%%%%%%%%%%%%%%%%%%%%%%%%%%.+..&..+..&..+..&..+..&..+..&..+.%%.###.#####.#####.#####.#####.###.%%.#§+.+§#§+.+§#§+.+§#§+.+§#§+.+§#.%%.###.#####.#####.#####.#####.###.%%.#§+.+§#§+.+§#§+.+§#§+.+§#§+.+§#.%%.###.#####.#####.#####.#####.###.%%.#§+.+§#§+.+§#§+.+§#§+.+§#§+.+§#.%%.###.#####.#####.#####.#####.###.%%.#§+.+§#§+.+§#§+.+§#§+.+§#§+.+§#.%%.###.#####.#####.#####.#####.###.%%.#§+.+§#§+.+§#§+.+§#§+.+§#§+.+§#.%%.###.#####.#####.#####.#####.###.%%&+..&..+..&..+..&..+..&..+..&..+.%%%%%%%%%%%%%%%%%%%%%%%%%%%%%%%%%%%%,35,#,White
Lesser Vault (Rooms),7,13,10,%%%%%%%%%%%%%%%%%%%%.................%%.###############.%%.#^+§&&#*§*+&&&#.%%.#^#§§&#§@§#***#.%%.#^#9§§+*§*#§§§+.%%.#^#############.%%.#^#9§§+*§*#§§§+.%%.#^#§§&#§@§#***#.%%.#^+§&&#*§*+&&&#.%%.###############.%%.................%%%%%%%%%%%%%%%%%%%%,19,#,White
Lesser vault (round),7,12,5,       %%%%%%           %%%..##..%%%      %%....####....%%   %......#**#......% %...§.##+##+##.§...%%.§.§.#*#*&#*#.§.§.%%.§.§.#*#&*#*#.§.§.%%...§.##+##+##.§...% %......#**#......%   %%....####....%%      %%%..##..%%%           %%%%%%       ,20,#,White
Lesser vault (serpent),7,17,10,%%%%%%%%%%%%%%%%%%%%%%%%%%%%%%%%%..............................%%..##########################..%%.##...#.^.#.^.#...#...#.§.###.%%.#..#.*.#...#...#.^.#...#...+.%%.#.##########################.%%.#..#..#.§.#.^.#.^.#.*.#...##.%%.##^#.#..#...#...#...#...#..#.%%.#..#.####################..#.%%.#§##.&+§§§§§§§§§§§§§§§§§#*##.%%.#..##&+§§§§§§§§§§§§§§§§§#..#.%%.##^#######################.#.%%.#..#...#...#...#...#.^.#...#.%%.##...#.^.#.§.#.*.#.^.#...###.%%..##########################..%%..............................%%%%%%%%%%%%%%%%%%%%%%%%%%%%%%%%%,32,#,White
Lesser vault (spiral),7,19,5,%%%%%%%%%%%%%%%%%%%%%%...................%%.+################.%%.#^#*&..§.......*#.%%.#.#.###########.#.%%.#.#.#*.§.....*#.#.%%.#.#.#.#######.#.#.%%.#.#.#.#§...*#.#.#.%%.#.#.#.#§###.#.#.#.%%.#§#§#§#§§*#§#§#§#.%%.#.#.#.###§#.#.#.#.%%.#.#.#*.§.*#.#.#.#.%%.#.#.#######.#.#.#.%%.#.#*...§...*#.#.#.%%.#.###########.#.#.%%.#*.....§....&*#^#.%%.################+.%%...................%%%%%%%%%%%%%%%%%%%%%%,21,#,White
Lesser vault (square),7,12,5,%%%%%%%%%%%%%%%%%%%%%*.......&........*%%.################.%%.#§.§.§.§.§.§.§.#.%%.#.############§#.%%.#§+§&&+**#&*§#.#&%%&#.#§*&#**+&&§+§#.%%.#§############.#.%%.#.§.§.§.§.§.§.§#.%%.################.%%*........&.......*%%%%%%%%%%%%%%%%%%%%%,20,#,White
Lesser vault (square)*,7,12,5,%%%%%%%%%%%%%%%%%%%%%§################§%%^#.*...&..§....§#^%%^#...§......&...#^%%^#######++#######^%%^+.§..&+§*+*....+^%%^+..*.§+.&+.§.&.+^%%^#######++#######^%%^#....§.§.....§.#^%%^#..&......*....#^%%§################§%%%%%%%%%%%%%%%%%%%%%,20,#,White
Lesser vault (temple at abydos),7,21,10,%%%%%%%%%%%%%%%%%%%%%%%%^^^^^^^^^^^^^^^^^^^^^%%^#+#+#####+#####+#+#^%%^#§#§#^^^^^^^^^#§#§#^%%^#§#§#^#.#.#.#^#§#§#^%%^#§#§#^...&...^#§#§#^%%^#####^#.#.#.#^#####^%%^#*§§+^^^^^^^^^+§§*#^%%^#########+#########^%%^#*§§+^^^^^^^^^+§§*#^%%^#####^#.#.#.#^#####^%%^#*§§+^...&...^+§§*#^%%^#####^#.#.#.#^#####^%%^#*§§+^^^^^^^^^+§§*#^%%^##+###+##+##+###+##^%%^#§§§§#§#^^^#§#§§§§#^%%^#§##§#§#§#§#§#§##§#^%%^#§§§§#§#***#§#§§§§#^%%^###################^%%^^^^^^^^^^^^^^^^^^^^^%%%%%%%%%%%%%%%%%%%%%%%%,23,#,White
Lesser vault (temple of dendereh),7,20,10,%%%%%%%%%%%%%%%%%%%%%%%....................%%.##################.%%.#***+^&#**#&^+***#.%%.#***#^^#§§#^^#***#.%%.#####++#++#++#####.%%.#§§§+^^^^^^^^+§§§#.%%.#####^######^#####.%%.#§§§+^#§§§§#^+§§§#.%%.#####^#§**§#^#####.%%.#§§§+^#§**§#^#***#.%%.#####^#§**§#^#^^^#.%%.#§§§+^#§**§#^##+##.%%.#####^#§§§§#^#§§§#.%%.#§§§#^##++##^#&§&#.%%.#§§§+^^^^^^^^##+##.%%.#§§§#^^^^^^^^^^^^#.%%.########++########.%%....................%%%%%%%%%%%%%%%%%%%%%%%,22,#,White
Lesser vault (temple of sety),7,22,10,%%%%%%%%%%%%%%%%%%%%%%%%%%.##########+##########.%%.#§§§§§§§#^^^#§§§§§§§#.%%.#§§§§§§§+^^^+§§§§§§§#.%%.#########^^^#########.%%.#§§§§§§§#^^^#§§§§§§§#.%%.#§§§§§§§+^^^+§§§§§§§#.%%.#########+###########.%%.#^^^+^^^+^^^^^#§.§.§#.%%.#.#^#^#.#^#.#.#.#.#.#.%%.#.&^#^.&#^.&..#§.§.§#.%%.#.#^+^#.#^#.#.#.#.#.#.%%.#^^^#^^^#^^^^^#§.§.§#.%%.#+#+###+###+###.#.#.#.%%.#§#^^^^^^^^^^^#§.§.§#.%%.#§#.#.#.#.#.#.#+###^#.%%.#§#...........#§**#^#.%%.#*#.#.#.#.#.#.#####+#.%%.#*#^^^^^^^^^^^+&^^^&#.%%.#######+#############.%%.......................%%%%%%%%%%%%%%%%%%%%%%%%%%,25,#,White
Lesser vault (tetris tiles),7,20,5,%%%%%%%%%%%%%%..#######..%%..#**#**#..%%..#§###§#..%%..#§#^#§#..%%.##+#^#+##.%%.#&§#^#§&#.%%.#§§+^+§§#.%%.####+####.%%.###§^§###.%%.#*##^##*#.%%.#§§#+#§§#.%%.##§#^#§##.%%.##+#^#+##.%%.#§§#^#§§#.%%.##§+^+§##.%%..#§#+#§#..%%..###.###..%%...........%%%%%%%%%%%%%%,13,#,White
Lesser vault (tower),7,18,5,%%%%%%%%%%%%%%%%.............%%..XXX...XXX..%%..X&XXXXX&X..%%..XX*****XX..%%...XX***XX...%%....X#+#X....%%....X&&&X....%%....X^^^X....%%....X#+#X....%%....X§§§X....%%....X^^^X....%%...XX+#+XX...%%..XX§&§&§XX..%%..X^^^*^^^X..%%.##+#####+##.%%...&.....&...%%%%%%%%%%%%%%%%,15,#,White
Lesser vault (x-factor),8,25,25,%%%%%%%%%%%%%%%%%%%%%%%%%%%^^^^^^^^^^^^^^^^^^^^^^^^%%^##########++##########^%%^#XX§§§§§§§§§§§§§§§§XX#^%%^#§XX§§§§§§§§§§§§§§XX§#^%%^#§§XX§§§§§§§§§§§§XX§§#^%%^#§§§XX§§§§§§§§§§XX§§§#^%%^#§§§§XX§§§§§§§§XX§§§§#^%%^#§§§§§XX§§§§§§XX§§§§§#^%%^#§§§§§§XX§§§§XX§§§§§§#^%%^#§§§§§§§X+XX+X§§§§§§§#^%%^+§§§§§§§§X99X§§§§§§§§+^%%^+§§§§§§§§X99X§§§§§§§§+^%%^+§§§§§§§§X99X§§§§§§§§+^%%^#§§§§§§§X+XX+X§§§§§§§#^%%^#§§§§§§XX§§§§XX§§§§§§#^%%^#§§§§§XX§§§§§§XX§§§§§#^%%^#§§§§XX§§§§§§§§XX§§§§#^%%^#§§§XX§§§§§§§§§§XX§§§#^%%^#§§XX§§§§§§§§§§§§XX§§#^%%^#§XX§§§§§§§§§§§§§§XX§#^%%^#XX§§§§§§§§§§§§§§§§XX#^%%^##########++##########^%%^^^^^^^^^^^^^^^^^^^^^^^^%%%%%%%%%%%%%%%%%%%%%%%%%%%,26,#,White
Lesser vault (yin-yang),7,17,5,%%%%%%%%%%%%%%%%%..............%%.#+##########.%%.#&#^^^^^^^^#.%%.#.#^######^#.%%.#&#^#****#^#.%%.#.#^#*§**#^#.%%.#&#^#****#^#.%%.#.#+####+#^#.%%.#&#§§§§#.#^#.%%.#.#§§*§#&#^#.%%.#&#§§§§#.#^#.%%.#.######&#^#.%%.#&.&.&.&.#^#.%%.##########+#.%%..............%%%%%%%%%%%%%%%%%,16,#,White
Lesser vault (zelazny),7,18,5,%%%%%%%%%%%%%%%%%%%%.................%%.###############.%%.+§§§§§§§§§§§§§#.%%.###########§§§#.%%.#§§§§+..##§§§##.%%.#§§§##.##§§§##..%%.#§*##.##§§§##...%%.#&##.##§§§##.##.%%.###.##§§§##.###.%%.##.##§§§##.##&#.%%...##§§§##.##*§#.%%..##§§§##..+§§§#.%%.##§§§##########.%%.#§§§§§§§§§§§§§+.%%.###############.%%.................%%%%%%%%%%%%%%%%%%%%,19,#,White
LV (Turnabout),7,14,10,%%%%%%%%%%%%%%%%%%###############%%#.............#%%#.###########.#%%#.#9##§§§§###.#%%#.###^^##§§##.#%%#.##&^^&##§§#.#%%#.###^^^^#§§#.#%%#.#§##§§##§§#.#%%#.#9§##^#@@##.#%%#.#####^#####.#%%#.............#%%###############%%%%%%%%%%%%%%%%%%,17,#,White
Miniature Cell,7,5,5,%%%%%%#8#%%888%%#8#%%%%%%,5,#,White
Mirrored Quartet,8,21,20,%%%%%%%%%%%%%%%%%%%%%%%%%%%%%%%%%%%%%%%%%%%%%%%%%%XXXXXXXXXXXXXXXXXXXXXXXXXXXXXXXXXXXXXXXXXXXXXXX%%X89@@@XXX§§§§XXX....^^^^^^^....XXX§§§§XXX@@@98X%%X9@@#XX....XXX**....XXX#XXX....**XXX....XX#@@9X%%X@XXX&&&&XXX**....@XX&&@&&XX@....**XXX&&&&XXX@X%%XXX....XXX**......@X**...**X@......**XXX....XXX%%X@...XXX**.......XXXXX...XXXXX.......**XXX...@X%%X@.#XX**.......9XX888XX^XX888XX9.......**XX#.@X%%XXXX&&&&&&&&&&&9#§§§§§X^X§§§§§#9&&&&&&&&&&&XXXX%%XXXXXXXXXXXXXXXXXXXXXXX#XXXXXXXXXXXXXXXXXXXXXXX%%#§§§§§§§§§§§§§§§§§§§§§#8#§§§§§§§§§§§§§§§§§§§§§#%%XXXXXXXXXXXXXXXXXXXXXXX#XXXXXXXXXXXXXXXXXXXXXXX%%XXXX&&&&&&&&&&&9#§§§§§X^X§§§§§#9&&&&&&&&&&&XXXX%%X@.#XX**.......9XX888XX^XX888XX9.......**XX#.@X%%X@...XXX**.......XXXXX...XXXXX.......**XXX...@X%%XXX....XXX**......@X**...**X@......**XXX....XXX%%X@XXX&&&&XXX**....@XX&&@&&XX@....**XXX&&&&XXX@X%%X9@@#XX....XXX**....XXX#XXX....**XXX....XX#@@9X%%X89@@@XXX§§§§XXX**..^^^^^^^..**XXX§§§§XXX@@@98X%%XXXXXXXXXXXXXXXXXXXXXXXXXXXXXXXXXXXXXXXXXXXXXXX%%%%%%%%%%%%%%%%%%%%%%%%%%%%%%%%%%%%%%%%%%%%%%%%%%,49,#,White
Modified Greater Vault (Huge),8,17,45,%%%%%%%%%%%%%%%%%%%%%%%%%%%%%%%%%%%%%%%%XXXXXXXXXXXXXXXXXXXXXXXXXXXXXXXXXXXXX%%#8#8#8#8#8#8#8#8#8#8#8#8#8#8#8#8#8#8X%%XXXXXXXXXXXXXXXXXXXXXXXXXXXXXXXXXXX#X%%X8#8#8#8#8#8#8#8#8#8#8#8#8#8#8#8#8X8X%%X#XXXXXXXXXXXXXXXXXXXXXXXXXXXXXXX#X#X%%X8X8#8#8#8#8#8#8#8#8#8#8#8#8#8#8X8X8X%%X#X#XXXXXXXXXXXXXXXXXXXXXXXXXXX#X#X#X%%X8X8X8#8#8#8#8#8#8#8#8#8#8#8#8#8X8X8X%%X#X#X#XXXXXXXXXXXXXXXXXXXXXXXXXXX#X#X%%X8X8X8#8#8#8#8#8#8#8#8#8#8#8#8#8#8X8X%%X#X#XXXXXXXXXXXXXXXXXXXXXXXXXXXXXXX#X%%X8X8#8#8#8#8#8#8#8#8#8#8#8#8#8#8#8#8X%%X#XXXXXXXXXXXXXXXXXXXXXXXXXXXXXXXXXXX%%X8#8#8#8#8#8#8#8#8#8#8#8#8#8#8#8#8#8#%%XXXXXXXXXXXXXXXXXXXXXXXXXXXXXXXXXXXXX%%%%%%%%%%%%%%%%%%%%%%%%%%%%%%%%%%%%%%%%,39,#,White
Planet X,7,13,10,%%%%%%%%%%%%%%%%.............%%.XXXXX#XXXXX.%%.XXX§§§§§XXX.%%.X§XX§§§XX§X.%%.X§§XX9XX§§X.%%.#§§9###9§§#.%%.X§§XX9XX§§X.%%.X§XX§§§XX§X.%%.XXX§§§§§XXX.%%.XXXXX#XXXXX.%%.............%%%%%%%%%%%%%%%%,15,#,White
Rock-Hard,7,11,10,%%%%%%%%%%%%%%%%%%%%%..................%%.#^############^#.%%.#^#§§§§§§§§§§#^#.%%.#^##§§§§§§§§##^#.%%.##^##^^^^^^##^##.%%.###*##&&&&##*###.%%.#9##^##@@##^##9#.%%.#####^####^#####.%%..................%%%%%%%%%%%%%%%%%%%%%,20,#,White
Roundabout Three,8,20,30,%%%%%%%%%%%%%%%%%%%%%%%%%%%%%%%%%%%%%%%%%%%%%%%%%%%%%%%%%%%%%%%%%%%%%%%%%%%%%%%%%%%%%%%%%%%%%%%%%%XXXXXXXXXXXXXXXXXXXXXXXXXXXXXXXXXXXXXXXXXXXXXXX#XXXXXXXXXXXXXXXXXXXXXXXXXXXXXXXXXXXXXXXXXXXXXXX%%X§&§§§§§§§§§§§^^^^^^^^^^......XX.#X.XXX.......X.X.......XXX.X#.XX......^^^^^^^^^^§§§§§§§§§§§&§X%%X§&§§§§§§§§§§§^^^^^^^^^^.....XX.XX.XXX..XXXX..X.X..XXXX..XXX.XX.XX.....^^^^^^^^^^§§§§§§§§§§§&§X%%X§&§§§§§§§§§§§XXXXXXXXXX....XX.XX.XXX^^XX@@XX.X&X.XX@@XX^^XXX.XX.XX....XXXXXXXXXX§§§§§§§§§§§&§X%%X§&&&&&&&&&&XXX********XXX..XX.XX.XXX^^X****X.X&X.X****X^^XXX.XX.XX..XXX********XXX&&&&&&&&&&§X%%X§§§§§§§§§§XXX..XXXXXX...XX+XX.XX.XXX^^XX&&...X@X...&&XX^^XXX.XX.XX+XX...XXXXXX..XXX§§§§§§§§§§X%%X@@@@@@@@XXX..XXX****XXX.....XX.XX.XXX..XX...XX+XX...XX..XXX.XX.XX.....XXX****XXX..XXX@@@@@@@@X%%X9988899XXX..XXX.XXXX@@XXXXXX.XX.XX.XXX..XXXXX^^^XXXXX..XXX.XX.XX.XXXXXX@@XXXX.XXX..XXX9998999X%%X######XXX**X##&&@**XX&&&@98X^^^^^XX.##X^^^^^^^^^^^^^^^X##.XX^^^^^X89@&&&XX**@&&##X**XXX######X%%X######XXX**X##&&@**XX&&&@98X^^^^^XX.##X^^^^^^^^^^^^^^^X##.XX^^^^^X89@&&&XX**@&&##X**XXX######X%%X9988899XXX..XXX.XXXX@@XXXXXX.XX.XX.XXX..XXXXX^^^XXXXX..XXX.XX.XX.XXXXXX@@XXXX.XXX..XXX9998999X%%X@@@@@@@@XXX..XXX****XXX.....XX.XX.XXX..XX...XX+XX...XX..XXX.XX.XX.....XXX****XXX..XXX@@@@@@@@X%%X§§§§§§§§§§XXX..XXXXXX...XX+XX.XX.XXX^^XX&&...X@X...&&XX^^XXX.XX.XX+XX...XXXXXX..XXX§§§§§§§§§§X%%X§&&&&&&&&&&XXX********XXX..XX.XX.XXX^^X****X.X&X.X****X^^XXX.XX.XX..XXX********XXX&&&&&&&&&&§X%%X§&§§§§§§§§§§§XXXXXXXXXX....XX.XX.XXX^^XX@@XX.X&X.XX@@XX^^XXX.XX.XX....XXXXXXXXXX§§§§§§§§§§§&§X%%X§&§§§§§§§§§§§^^^^^^^^^^.....XX.XX.XXX..XXXX..X.X..XXXX..XXX.XX.XX.....^^^^^^^^^^§§§§§§§§§§§&§X%%X§&§§§§§§§§§§§^^^^^^^^^^......XX.#X.XXX.......X.X.......XXX.X#.XX......^^^^^^^^^^§§§§§§§§§§§&§X%%XXXXXXXXXXXXXXXXXXXXXXXXXXXXXXXXXXXXXXXXXXXXXXX#XXXXXXXXXXXXXXXXXXXXXXXXXXXXXXXXXXXXXXXXXXXXXXX%%%%%%%%%%%%%%%%%%%%%%%%%%%%%%%%%%%%%%%%%%%%%%%%%%%%%%%%%%%%%%%%%%%%%%%%%%%%%%%%%%%%%%%%%%%%%%%%%%,97,#,White
Roundabout Two,8,25,25,%%%%%%%%%%%%%%%%%%%%%%%%%%%%%%%%%%%%%%%%%XXXXXXXXXXXXXXXXXXXXXXXXXXXXXXXXXXXXXX%%#^X.^^+X@XX.+X^^^^^+.X...X8#@&*X*****X%%X^X.^XX@XX.XX^^^^^^X.X.X^XXX@.&+9....X%%X^X.XX&XX.XX^^^^^^^X.X.X^X8#@&*X99...X%%X^X.X^^X&.XXXXXXXXXX.X.X^XXXXXXXXXX++X%%X^X.X.*X&.X.......&..X.X^X........X^^X%%X^X&X.*X^^X.XXXXXXXXXX.X&X#XXXXXX.X^.X%%X^X.X..X^^X...@........X.X......X.X^^X%%X^X.X..X^^XXXXXXXXXXXXXX.XXXXXX.X.X.^X%%X^X.X..X^^X..§.....§....&X8#§*X.X.X^^X%%X^X&X§§X^^X^XXXXXXXXXXXXXX##§§X.X.X^.X%%X^+&X..+^^X^^^^^^^^^^^^^^^9...#.X.#^^X%%X^X&X§§X^^X^XXXXXXXXXXXXXX##§*X.X.X.^X%%X^X.X..X^^X..§.....§....&X8#§§X.X.X^^X%%X^X.X..X^^XXXXXXXXXXXXXX.XXXXXX.X.X^.X%%X^X.X..X^^X...@........X.X......X.X^^X%%X^X&X.*X^^X.XXXXXXXXXX.X&X#XXXXXX.X.^X%%X^X.X.*X&.X.......&..X.X^X........X^^X%%X^X.X^^X&.XXXXXXXXXX.X.X^XXXXXXXXXX++X%%X^X.XX&XX.XX^^^^^^^X.X.X^X8#@&*X99...X%%X^X.^XX@XX.XX^^^^^^X.X.X^XXX@.&+9....X%%#^X.^^+X@XX.+X^^^^^+.X...X8#@&*X*****X%%XXXXXXXXXXXXXXXXXXXXXXXXXXXXXXXXXXXXXX%%%%%%%%%%%%%%%%%%%%%%%%%%%%%%%%%%%%%%%%%,40,#,White
Roundabouts One,8,21,15,%%%%%%%%%%%%%%%%%%%%%%%%%%%%%%%%%%%%%%%%%%%%#XXXXXXXXXXXXXXXXXXXXXXXXXXXXXXXXXXXXXXXX%%X^^^^^^^^^^^^^^^^#&^^^&^^^^^^^^^^^^^&^§§X%%X^^^XXXXXXXXXXXXXXXXXXXXXXXXXXXXXXXXX&.§X%%X^.X+^&^..^^.....#&^^^&......^^....§XX&.X%%X.^X^&^XXXXXXXXXXXXXXXXXXXXXXXXXXX^§§X.^X%%X^.X&^XX§.^^......&^^^&#.....^^&^+X^^X^.X%%X.^X^^X§§.^^......&^^^&#.....^^ &^X^^X.^X%%X^.X^^X*^^XXXXXXXXXXXXXXXXXXXXX^^&X^^X^.X%%X.^X^^X*^X+^§§§§§§@#8X@9    *&XX^*X^^X.^X%%X^^X^^X^^X^&*^^^^^@XXX@^^^^^*&^X^^X^^X^^X%%X^.X^^X*^XX&*....9@X8#@§§§§§§^+X^*X^^X^.X%%X.^X^^X&^^XXXXXXXXXXXXXXXXXXXXX^^*X^^X.^X%%X^.X^^X^& ^^.....#&^^^&......^^.§§X^^X^.X%%X.^X^^X+^&^^.....#&^^^&......^^.§XX^&X.^X%%X^.X§§^XXXXXXXXXXXXXXXXXXXXXXXXXXX^&^X^.X%%X.&XX§....^^......&^^^&#.....^^..^&^+X.^X%%X§.&XXXXXXXXXXXXXXXXXXXXXXXXXXXXXXXXX^^^X%%X§§^&^^^^^^^^^^^^^&^^^&#^^^^^^^^^^^^^^^^X%%XXXXXXXXXXXXXXXXXXXXXXXXXXXXXXXXXXXXXXXX#%%%%%%%%%%%%%%%%%%%%%%%%%%%%%%%%%%%%%%%%%%%%,43,#,White
Snake Maze,8,21,15,%%%%%%%%%%%%%%%%%%%%%%%%.....................%%.XXXXXXXXX+XXXXXXXXX.%%.X9X9..XXX..X§§§9X9X.%%.X§XXX.^.XX.X§XXXX§X.%%.X§§§XXX..X.X§§§§X§X.%%.XXX§§§XX.X.XX*X§§§X.%%.X...X*X..X.XXXXXX.X.%%.X.XXXXX.XX.X.^.X..X.%%.X...^........X.X.XX.%%.X#XXXXXXXXXXXX...*X.%%.X&.........^&XX.XXX.%%.X.XXXXXXXXXX.XX§§§X.%%.X.X......^...*XXX§X.%%.X.X§XXXXXXXX&XX§§§X.%%.X.X§XX9§§§§X&9X§XXX.%%.X^X§§XXXXX.XXXX§X*X.%%.X.XX99XX**......^.X.%%.X+XXXXXXXXXXXXXXXXX.%%.....................%%%%%%%%%%%%%%%%%%%%%%%%,23,#,White
Target Practice,8,20,20,%%%%%%%%%%%%%%%%%%%%%%%%%%%%%%%%%%%%%%%%%%%%%%%%%%%%%%%%%%%%%%XXXXXXXXXXXXXXXXXXXXXXXXXXXXXXXXXXXXXXXXXXXXXXXXXXXXXXXXXXX%%X@........................................................#%%X@XXXXXXXXXXXXXXXXXXXXXXXXXXXXXXXXXXXXXXXXXXXXXXXXXXXXXXX.#%%X@#89XXXXX...9&..@.9....&....##..........#....#@§§§§§§§§X.#%%X@X9XX§§§XX......@..........XX..........XX....X@....XXX.X.#%%X@XXX§XXX§XX....*.§.&....*.XX***********X.....X@..XXX&+.X.#%%X@XX§XX@XX§X.........§9...XX&&&&&&&&&&&&X@@@@@X@XXX**&+.X.#%%X@XX§X999X§X&.@..§.......XXXXXXXXXXXXXXXXXX+XXXXXX*XXXX.X.#%%X@XX§#989X§#.....9......XX99§§§§§§§§§§#§§§§§§§XXX&*&@@X.#.#%%X@XX§#989X§#.......&..@.XX99§§§§§§§§§§#§§§§§§§XXX&*&@@X.#.#%%X@XX§X999X§X...&.&.......XXXXXXXXXXXXXXXXXX+XXXXXX*XXXX.X.#%%X@XX§XX@XX§X..§...........XX&&&&&&&&&&&&X@@@@@X@XXX**&+.X.#%%X@XXX§XXX§XX......@..@.....XX***********X.....X@..XXX&+.X.#%%X@X9XX§§§XX.....9...........XX..........XX....X@....XXX.X.#%%X@#89XXXXX..&..........9.§...##..........#....#@§§§§§§§§X.#%%X@XXXXXXXXXXXXXXXXXXXXXXXXXXXXXXXXXXXXXXXXXXXXXXXXXXXXXXX.#%%X@........................................................#%%XXXXXXXXXXXXXXXXXXXXXXXXXXXXXXXXXXXXXXXXXXXXXXXXXXXXXXXXXXX%%%%%%%%%%%%%%%%%%%%%%%%%%%%%%%%%%%%%%%%%%%%%%%%%%%%%%%%%%%%%%,61,#,White
The Bank From Hell,8,20,30,%%%%%%%%%%%%%%%%%%%%%%%%%%%%%%%%XXXXXXXXXXXXXX+XXXXXXXXXXXXXX%%X.&.&.&.&.&.#...#.&.&.&.&.&.X%%X.#.#.#.#.#.#...#.#.#.#.#.#.X%%X...........#...#...........X%%X##########+##+##+##########X%%X@........^^^^^^^^^........@X%%X@^^^.....^^^...^^^.....^^^@X%%X##+#######+#####+#######+##X%%X.^^^.#@..^^^...^^^..@#.^^^.X%%X#...##...............#.###.X%%X@...@#.&.&.&.&.&.&.&.#..@..X%%XXXXXXXXXXXXXXXXXXXXXXXXXXX+X%%X.+^*****X*******^+^******X.X%%X@X^....^X^......^X^.....*X@X%%X.X*****^+^*******X*******X.X%%X@XXXXXXXXXXXXXXXXXXXXXXXXX@X%%X.@.@.@.@.@.@.@.@.@.@.@.@.@.X%%XXXXXXXXXXXXXXXXXXXXXXXXXXXXX%%%%%%%%%%%%%%%%%%%%%%%%%%%%%%%%,31,#,White
The I in the Storm,8,25,40,%%%%%%%%%%%%%%%%%%%%%%%%%%%%%%%%%%%%%%%%%%XXXXXXXXXXXXXXXXXXX#XXXXXXXXXXXXXXXXXXX%%X&&..^..#9X..^^^^^^^^^^^^^..X9#..^..&&X%%X&...#....X..XXXXXX^XXXXXX..X....#...&X%%X...&#..#.X9XX.@8XX^XX8@.XX9X.#..#&...X%%X..&9#....XXX...@X§§§X@...XXX....#9&..X%%X^####..#...XX..XX§.§XX..XX...#..####^X%%X........§#..XX^X§§.§§X^XX..#§........X%%X.......#.....^XX§...§XX^.....#.......X%%X........§#....X§§...§§X....#§........X%%X.......#.....XX.......XX.....#.......X%%X.#......§#..XX^.......^XX..#§......#.X%%X.9#....#....#^^...9...^^#....#....#9.X%%X.#......§#..XX^.......^XX..#§......#.X%%X.......#.....XX.......XX.....#.......X%%X........§#....X§§...§§X....#§........X%%X.......#.....^XX§...§XX^.....#.......X%%X........§#..XX^X§§.§§X^XX..#§........X%%X^####..#...XX..XX§.§XX..XX...#..####^X%%X..&9#....XXX...@X§§§X@...XXX....#9&..X%%X...&#..#.X9XX.@8XX^XX8@.XX9X.#..#&...X%%X&...#....X&&XXXXXX^XXXXXX&&X....#...&X%%X&&..^..#9X..^^^^^^^^^^^^^..X9#..^..&&X%%XXXXXXXXXXXXXXXXXXX#XXXXXXXXXXXXXXXXXXX%%%%%%%%%%%%%%%%%%%%%%%%%%%%%%%%%%%%%%%%%%,41,#,White
The Reward is Worth It,8,16,20,%%%%%%%%%%%%%%%%%%%%%%%%%%%%%%%%%%%%%%%%%%%%%%%%%%%%%%%%%%%%%%%%XXXXXXXXXXXXXXX##XXXXXXXXXXXXX#XXXXXXXXXXXXX##XXXXXXXXXXXXXXX%%X@@@@@@@@@@@.XX88XX.......§§§X^X§§§.......XX88XX.@@@@@@@@@@@X%%X@XXXXXXXXXX..XXXX...XXXX.§§§X^X§§§.XXXX...XXXX..XXXXXXXXXX@X%%X@X8888888XXX..XX...XXX@XX§§§X^X§§§XX@XXX...XX..XXX8888888X@X%%X@X88899999XXX.....XXX@@@X..&X^X&..X@@@XXX.....XXX99999888X@X%%X@X8899.....XXX...XXX@@@@@..&X^X&..@@@@@XXX...XXX.....9988X@X%%X@X899.......XXX...XXX......&X^X&......XXX...XXX.......998X@X%%X+XXX...XXX&&&XXX^^^XXX.....&X^X&.....XXX^^^XXX&&&XXX...XXX+X%%X@@XXX.XXXX&&&&XXX^^^XXX....&X^X&....XXX^^^XXX&&&&XXXX.XXX@@X%%X^^^^XXX88X^^^^^^XXX^^^XXX..&X^X&..XXX^^^XXX^^^^^^X88XXX^^^^X%%X&&&&&&&&XX^^^^^^^^XXX...XXX&X^X&XXX...XXX^^^^^^^^XX&&&&&&&&X%%X§§§§§§§XX§§§§§§§§§§§XXX&&&XXX^XXX&&&XXX§§§§§§§§§§§XX§§§§§§§X%%X§§§§§§X#@@@@@@@@@@@@@@XXX&&&&&&&&&XXX@@@@@@@@@@@@@@#X§§§§§§X%%XXXXXXXXXXXXXXXXXXXXXXXXXXXXXXXXXXXXXXXXXXXXXXXXXXXXXXXXXXXXX%%%%%%%%%%%%%%%%%%%%%%%%%%%%%%%%%%%%%%%%%%%%%%%%%%%%%%%%%%%%%%%%,63,#,White
